v -0.03966803908045977 -0.017412972413793106 0.04839413793103448
v -0.03745273218390805 -0.03574067471264368 0.04280662068965518
v -0.03972782183908047 -0.017412972413793106 0.048043103448275865
v -0.03704979540229885 -0.013485606896551726 0.06548203448275862
v -0.03966803908045977 -0.017412972413793106 0.04839413793103448
v -0.03745273218390805 -0.03574067471264368 0.04280662068965518
v -0.03704979540229885 -0.013485606896551726 0.06548203448275862
v -0.03966803908045977 -0.017412972413793106 0.04839413793103448
v -0.03972782183908047 -0.017412972413793106 0.048043103448275865
v -0.02227297816091954 0.02186067471264368 0.0637525632183908
v -0.03574067471264368 0.023169796551724138 0.05125350574712644
v 0.004842094252873563 0.0465357643678161 0.010078580459770116
v -0.02227297816091954 0.02186067471264368 0.0637525632183908
v -0.03574067471264368 0.023169796551724138 0.05125350574712644
v -0.022649458620689657 0.021184480459770116 0.06506168275862069
v 0.034951889655172416 -0.042949724137931036 0.012696824137931035
v 0.03887925287356322 -0.039177462068965524 0.008769458620689657
v 0.02709716091954023 -0.030504187356321842 -0.005841001149425288
v -0.010867364367816093 -0.05095035862068966 0.04542486436781609
v -0.004321756321839081 -0.04883188965517242 0.05119437931034483
v -0.003012635632183908 -0.05008366206896552 0.05066134827586207
v -0.010867364367816093 -0.05095035862068966 0.04542486436781609
v -0.004321756321839081 -0.04883188965517242 0.05119437931034483
v -0.034431551724137935 -0.02108976206896552 0.06113432183908047
v -0.03969897126436782 -0.017412972413793106 0.046733983908045985
v -0.03959164137931035 0.016624187356321842 0.0493522275862069
v -0.03972782183908047 -0.017412972413793106 0.048043103448275865
v -0.03969897126436782 -0.017412972413793106 0.046733983908045985
v -0.03817567241379311 -0.03181331034482759 0.02709716091954023
v -0.03959164137931035 0.016624187356321842 0.0493522275862069
v -0.03835891954022989 0.010078580459770116 0.06056243678160919
v -0.03959164137931035 0.016624187356321842 0.0493522275862069
v -0.03972782183908047 -0.017412972413793106 0.048043103448275865
v -0.03835891954022989 0.010078580459770116 0.06056243678160919
v -0.03704979540229885 -0.013485606896551726 0.06548203448275862
v -0.03972782183908047 -0.017412972413793106 0.048043103448275865
v 0.0469762091954023 0.03757013333333334 0.0493522275862069
v 0.04704984827586207 0.03887925287356322 0.046733983908045985
v 0.05651863793103449 0.016624187356321842 0.034951889655172416
v 0.0022238505747126437 0.046207418390804604 0.004842094252873563
v -0.00010347701149425288 0.04542486436781609 0.003532972413793104
v 0.004842094252873563 0.0465357643678161 0.010078580459770116
v 0.0009147298850574714 0.04452757816091954 -0.0017035137931034484
v -0.00010347701149425288 0.04542486436781609 0.003532972413793104
v 0.0009147298850574714 0.044115740229885056 -0.0028070666666666667
v 0.004842094252873563 0.04684133333333333 0.0022238505747126437
v 0.016624187356321842 0.04629560919540231 0.010078580459770116
v 0.004842094252873563 0.046795620689655176 -0.0017035137931034484
v 0.004842094252873563 0.04684133333333333 0.0022238505747126437
v 0.016624187356321842 0.04629560919540231 0.010078580459770116
v 0.004842094252873563 0.0465357643678161 0.010078580459770116
v 0.004842094252873563 0.04684133333333333 0.0022238505747126437
v 0.0022238505747126437 0.046207418390804604 0.004842094252873563
v 0.004842094252873563 0.046795620689655176 -0.0017035137931034484
v 0.004842094252873563 0.04684133333333333 0.0022238505747126437
v 0.0022238505747126437 0.046207418390804604 0.004842094252873563
v 0.004842094252873563 0.0465357643678161 0.010078580459770116
v 0.029715402298850575 0.04463579310344828 0.02709716091954023
v 0.016624187356321842 0.04629560919540231 0.010078580459770116
v 0.004842094252873563 0.0465357643678161 0.010078580459770116
v 0.044115740229885056 0.03887925287356322 0.04919495057471265
v -0.022649458620689657 0.021184480459770116 0.06506168275862069
v 0.04542486436781609 0.03975489655172414 0.048043103448275865
v 0.044115740229885056 0.03887925287356322 0.04919495057471265
v 0.011387702298850576 0.009486903448275862 0.08338938505747127
v -0.022649458620689657 0.021184480459770116 0.06506168275862069
v 0.012696824137931035 0.008769458620689657 0.08361686896551725
v 0.011387702298850576 0.009486903448275862 0.08338938505747127
v 0.011387702298850576 0.0061512160919540235 0.08566336781609196
v 0.012696824137931035 0.008769458620689657 0.08361686896551725
v 0.011387702298850576 0.009486903448275862 0.08338938505747127
v 0.046733983908045985 0.032816678160919543 0.054588712643678164
v -0.03704979540229885 0.02186067471264368 0.05313161149425288
v -0.03574067471264368 0.023169796551724138 0.05125350574712644
v -0.022649458620689657 0.021184480459770116 0.06506168275862069
v -0.03574067471264368 0.023946137931034485 0.048043103448275865
v -0.00010347701149425288 0.04542486436781609 0.003532972413793104
v 0.004842094252873563 0.0465357643678161 0.010078580459770116
v 0.044115740229885056 0.039568960919540236 0.048043103448275865
v -0.022649458620689657 0.021184480459770116 0.06506168275862069
v 0.04542486436781609 0.03975489655172414 0.048043103448275865
v 0.044115740229885056 0.039568960919540236 0.048043103448275865
v -0.02227297816091954 0.02186067471264368 0.0637525632183908
v 0.004842094252873563 0.0465357643678161 0.010078580459770116
v 0.044115740229885056 0.039568960919540236 0.048043103448275865
v 0.029715402298850575 0.04463579310344828 0.02709716091954023
v 0.04542486436781609 0.03975489655172414 0.048043103448275865
v 0.044115740229885056 0.039568960919540236 0.048043103448275865
v 0.029715402298850575 0.04463579310344828 0.02709716091954023
v 0.004842094252873563 0.0465357643678161 0.010078580459770116
v -0.016103850574712645 -0.03312243103448276 -0.0005315344827586208
v -0.03181331034482759 -0.037735282758620696 0.01531506551724138
v -0.028660908045977016 -0.034431551724137935 0.010078580459770116
v 0.042124603448275864 -0.04228628275862069 0.02447891724137931
v 0.05066134827586207 -0.03344291954022988 0.012696824137931035
v 0.05508065172413794 -0.027885945977011495 0.01531506551724138
v 0.04149749655172414 -0.03704979540229885 0.007266403448275862
v 0.03887925287356322 -0.039177462068965524 0.008769458620689657
v 0.02709716091954023 -0.030504187356321842 -0.005841001149425288
v 0.014005944827586207 0.008407490804597701 0.08338938505747127
v 0.012696824137931035 0.008769458620689657 0.08361686896551725
v 0.011387702298850576 0.0061512160919540235 0.08566336781609196
v 0.014005944827586207 0.008407490804597701 0.08338938505747127
v 0.012696824137931035 0.008769458620689657 0.08361686896551725
v 0.046733983908045985 0.032816678160919543 0.054588712643678164
v 0.04542486436781609 0.029715402298850575 0.05686008045977012
v 0.014005944827586207 0.008407490804597701 0.08338938505747127
v 0.046733983908045985 0.032816678160919543 0.054588712643678164
v 0.0493522275862069 -0.03312243103448276 0.0058266425287356325
v 0.0493522275862069 -0.03090707701149426 0.003532972413793104
v 0.04983009195402299 -0.03312243103448276 0.0061512160919540235
v 0.0493522275862069 -0.03312243103448276 0.0058266425287356325
v 0.0493522275862069 -0.03090707701149426 0.003532972413793104
v 0.02709716091954023 -0.030504187356321842 -0.005841001149425288
v 0.0493522275862069 -0.03312243103448276 0.0058266425287356325
v 0.04149749655172414 -0.03704979540229885 0.007266403448275862
v 0.02709716091954023 -0.030504187356321842 -0.005841001149425288
v 0.0493522275862069 -0.03312243103448276 0.0058266425287356325
v 0.04149749655172414 -0.03704979540229885 0.007266403448275862
v 0.03887925287356322 -0.039177462068965524 0.008769458620689657
v 0.027615568965517246 -0.030504187356321842 -0.0056308781609195405
v 0.0493522275862069 -0.03090707701149426 0.003532972413793104
v 0.02709716091954023 -0.030504187356321842 -0.005841001149425288
v 0.027615568965517246 -0.030504187356321842 -0.0056308781609195405
v 0.0493522275862069 -0.03090707701149426 0.003532972413793104
v 0.0493522275862069 -0.030504187356321842 0.0032547827586206896
v 0.05060014367816092 -0.03181331034482759 0.0061512160919540235
v 0.05363943218390805 -0.02919506896551724 0.008769458620689657
v 0.04983009195402299 -0.03312243103448276 0.0061512160919540235
v -0.03574067471264368 -0.03574067471264368 0.04602896551724138
v -0.010867364367816093 -0.05095035862068966 0.04542486436781609
v -0.034431551724137935 -0.02108976206896552 0.06113432183908047
v -0.03574067471264368 -0.03574067471264368 0.04602896551724138
v -0.03655264827586207 -0.016103850574712645 0.0637525632183908
v -0.034431551724137935 -0.02108976206896552 0.06113432183908047
v -0.03574067471264368 -0.03574067471264368 0.04602896551724138
v -0.03704979540229885 -0.013485606896551726 0.06548203448275862
v -0.03745273218390805 -0.03574067471264368 0.04280662068965518
v -0.03574067471264368 -0.03574067471264368 0.04602896551724138
v -0.03655264827586207 -0.016103850574712645 0.0637525632183908
v -0.03704979540229885 -0.013485606896551726 0.06548203448275862
v -0.00039439195402298855 -0.055377496551724144 0.04382738390804598
v -0.010867364367816093 -0.05095035862068966 0.04542486436781609
v -0.00039439195402298855 -0.05578625862068966 0.04280662068965518
v -0.00039439195402298855 -0.055377496551724144 0.04382738390804598
v -0.010867364367816093 -0.05095035862068966 0.04542486436781609
v -0.003012635632183908 -0.05008366206896552 0.05066134827586207
v -0.03854833103448276 -0.03181331034482759 0.03364277011494253
v -0.03745273218390805 -0.03574067471264368 0.04280662068965518
v -0.03972782183908047 -0.017412972413793106 0.048043103448275865
v -0.03854833103448276 -0.03181331034482759 0.03364277011494253
v -0.03969897126436782 -0.017412972413793106 0.046733983908045985
v -0.03972782183908047 -0.017412972413793106 0.048043103448275865
v -0.03773387356321839 -0.03574067471264368 0.02447891724137931
v -0.03795212068965517 -0.03574067471264368 0.02709716091954023
v -0.03817567241379311 -0.03181331034482759 0.02709716091954023
v -0.037815331034482765 -0.03574067471264368 0.03364277011494253
v -0.03704979540229885 -0.03889031494252874 0.02709716091954023
v -0.03745273218390805 -0.03574067471264368 0.04280662068965518
v -0.037815331034482765 -0.03574067471264368 0.03364277011494253
v -0.03795212068965517 -0.03574067471264368 0.02709716091954023
v -0.03704979540229885 -0.03889031494252874 0.02709716091954023
v -0.037815331034482765 -0.03574067471264368 0.03364277011494253
v -0.03745273218390805 -0.03574067471264368 0.04280662068965518
v -0.038029164367816094 -0.034431551724137935 0.034951889655172416
v -0.03835891954022989 0.012696824137931035 0.0587838540229885
v -0.03835891954022989 0.010078580459770116 0.06056243678160919
v -0.03959164137931035 0.016624187356321842 0.0493522275862069
v -0.02384941379310345 0.02055155287356322 0.06506168275862069
v -0.03704979540229885 0.02186067471264368 0.05313161149425288
v -0.022649458620689657 0.021184480459770116 0.06506168275862069
v 0.007460337931034483 0.004727313793103449 0.08469850574712644
v -0.034431551724137935 -0.013485606896551726 0.0668372367816092
v -0.004321756321839081 -0.04883188965517242 0.05119437931034483
v 0.007460337931034483 0.004727313793103449 0.08469850574712644
v -0.004321756321839081 -0.04883188965517242 0.05119437931034483
v -0.003012635632183908 -0.05008366206896552 0.05066134827586207
v -0.03312243103448276 -0.018722094252873564 0.06394622988505748
v -0.004321756321839081 -0.04883188965517242 0.05119437931034483
v -0.034431551724137935 -0.02108976206896552 0.06113432183908047
v -0.03312243103448276 -0.018722094252873564 0.06394622988505748
v -0.034431551724137935 -0.013485606896551726 0.0668372367816092
v -0.004321756321839081 -0.04883188965517242 0.05119437931034483
v -0.03312243103448276 -0.018722094252873564 0.06394622988505748
v -0.034431551724137935 -0.013485606896551726 0.0668372367816092
v -0.03704979540229885 -0.013485606896551726 0.06548203448275862
v -0.03312243103448276 -0.018722094252873564 0.06394622988505748
v -0.03655264827586207 -0.016103850574712645 0.0637525632183908
v -0.034431551724137935 -0.02108976206896552 0.06113432183908047
v -0.03312243103448276 -0.018722094252873564 0.06394622988505748
v -0.03655264827586207 -0.016103850574712645 0.0637525632183908
v -0.03704979540229885 -0.013485606896551726 0.06548203448275862
v -0.03835891954022989 0.022299388505747128 0.05066134827586207
v -0.03574067471264368 0.023169796551724138 0.05125350574712644
v -0.03835891954022989 0.02186067471264368 0.05185588045977012
v 0.05318538505747127 -0.013485606896551726 0.011387702298850576
v 0.05272822528735632 -0.027885945977011495 0.007460337931034483
v 0.05363943218390805 -0.02919506896551724 0.008769458620689657
v 0.046733983908045985 0.03957586436781609 0.046733983908045985
v 0.0469762091954023 0.03757013333333334 0.0493522275862069
v 0.04704984827586207 0.03887925287356322 0.046733983908045985
v 0.04721383908045978 0.034951889655172416 0.051970471264367823
v 0.0469762091954023 0.03757013333333334 0.0493522275862069
v 0.05651863793103449 0.016624187356321842 0.034951889655172416
v 0.0009147298850574714 0.045778 0.003532972413793104
v -0.00010347701149425288 0.04542486436781609 0.003532972413793104
v 0.004842094252873563 0.046795620689655176 -0.0017035137931034484
v 0.0009147298850574714 0.045778 0.003532972413793104
v 0.0022238505747126437 0.046207418390804604 0.004842094252873563
v 0.004842094252873563 0.046795620689655176 -0.0017035137931034484
v 0.0009147298850574714 0.045778 0.003532972413793104
v 0.0022238505747126437 0.046207418390804604 0.004842094252873563
v -0.00010347701149425288 0.04542486436781609 0.003532972413793104
v 0.040188377011494254 0.042150421839080465 0.03364277011494253
v 0.046733983908045985 0.03957586436781609 0.046733983908045985
v 0.04098584252873564 0.04149749655172414 0.03364277011494253
v 0.03757013333333334 0.0437016459770115 0.03102452643678161
v 0.029715402298850575 0.04463579310344828 0.02709716091954023
v 0.016624187356321842 0.04629560919540231 0.010078580459770116
v 0.03757013333333334 0.0437016459770115 0.03102452643678161
v 0.01924243103448276 0.045219372413793105 0.008769458620689657
v 0.03626101149425288 0.0431298459770115 0.028406282758620692
v 0.03757013333333334 0.0437016459770115 0.03102452643678161
v 0.03828141379310345 0.04280662068965518 0.03102452643678161
v 0.03626101149425288 0.0431298459770115 0.028406282758620692
v 0.03757013333333334 0.0437016459770115 0.03102452643678161
v 0.029715402298850575 0.04463579310344828 0.02709716091954023
v 0.04542486436781609 0.03975489655172414 0.048043103448275865
v 0.03757013333333334 0.0437016459770115 0.03102452643678161
v 0.046733983908045985 0.03957586436781609 0.046733983908045985
v 0.04542486436781609 0.03975489655172414 0.048043103448275865
v 0.03757013333333334 0.0437016459770115 0.03102452643678161
v 0.040188377011494254 0.042150421839080465 0.03364277011494253
v 0.046733983908045985 0.03957586436781609 0.046733983908045985
v 0.03757013333333334 0.0437016459770115 0.03102452643678161
v 0.03828141379310345 0.04280662068965518 0.03102452643678161
v 0.04098584252873564 0.04149749655172414 0.03364277011494253
v 0.03757013333333334 0.0437016459770115 0.03102452643678161
v 0.040188377011494254 0.042150421839080465 0.03364277011494253
v 0.04098584252873564 0.04149749655172414 0.03364277011494253
v 0.046733983908045985 0.03599959195402299 0.051970471264367823
v 0.011387702298850576 0.009486903448275862 0.08338938505747127
v 0.046733983908045985 0.032816678160919543 0.054588712643678164
v 0.046733983908045985 0.03599959195402299 0.051970471264367823
v 0.04721383908045978 0.034951889655172416 0.051970471264367823
v 0.0469762091954023 0.03757013333333334 0.0493522275862069
v -0.038246868965517246 0.02186067471264368 0.051970471264367823
v -0.03574067471264368 0.023169796551724138 0.05125350574712644
v -0.03835891954022989 0.02186067471264368 0.05185588045977012
v -0.038246868965517246 0.02186067471264368 0.051970471264367823
v -0.03704979540229885 0.02186067471264368 0.05313161149425288
v -0.03574067471264368 0.023169796551724138 0.05125350574712644
v -0.03574067471264368 0.02370474367816092 0.0493522275862069
v -0.03574067471264368 0.023169796551724138 0.05125350574712644
v 0.004842094252873563 0.0465357643678161 0.010078580459770116
v -0.03574067471264368 0.02370474367816092 0.0493522275862069
v -0.03574067471264368 0.023946137931034485 0.048043103448275865
v 0.004842094252873563 0.0465357643678161 0.010078580459770116
v -0.03574067471264368 0.02370474367816092 0.0493522275862069
v -0.03835891954022989 0.022299388505747128 0.05066134827586207
v -0.03574067471264368 0.023169796551724138 0.05125350574712644
v -0.03574067471264368 0.02370474367816092 0.0493522275862069
v -0.03835891954022989 0.022299388505747128 0.05066134827586207
v -0.03574067471264368 0.023946137931034485 0.048043103448275865
v -0.0213403367816092 0.02186067471264368 0.06407822988505747
v -0.02227297816091954 0.02186067471264368 0.0637525632183908
v -0.022649458620689657 0.021184480459770116 0.06506168275862069
v -0.0213403367816092 0.02186067471264368 0.06407822988505747
v 0.044115740229885056 0.039568960919540236 0.048043103448275865
v -0.022649458620689657 0.021184480459770116 0.06506168275862069
v -0.0213403367816092 0.02186067471264368 0.06407822988505747
v 0.044115740229885056 0.039568960919540236 0.048043103448275865
v -0.02227297816091954 0.02186067471264368 0.0637525632183908
v -0.00039439195402298855 -0.05568481379310345 0.04149749655172414
v 0.010078580459770116 -0.05488691264367816 0.04280662068965518
v -0.00039439195402298855 -0.05578625862068966 0.04280662068965518
v -0.00039439195402298855 -0.05568481379310345 0.04149749655172414
v 0.010078580459770116 -0.05488691264367816 0.04280662068965518
v 0.012696824137931035 -0.05445430344827586 0.04149749655172414
v -0.003012635632183908 -0.04490452643678161 0.01808535402298851
v 0.034951889655172416 -0.042949724137931036 0.012696824137931035
v -0.009558242528735633 -0.031999925287356325 -0.0056308781609195405
v -0.026576824137931037 -0.03835891954022989 0.012593759770114944
v -0.016103850574712645 -0.03312243103448276 -0.0005315344827586208
v -0.03181331034482759 -0.037735282758620696 0.01531506551724138
v -0.026576824137931037 -0.03835891954022989 0.012593759770114944
v -0.027885945977011495 -0.0451866091954023 0.023169796551724138
v -0.009558242528735633 -0.031999925287356325 -0.0056308781609195405
v -0.026576824137931037 -0.03835891954022989 0.012593759770114944
v -0.016103850574712645 -0.03312243103448276 -0.0005315344827586208
v -0.009558242528735633 -0.031999925287356325 -0.0056308781609195405
v -0.0017035137931034484 -0.02640488275862069 -0.014794728735632185
v 0.034951889655172416 -0.042949724137931036 0.012696824137931035
v -0.009558242528735633 -0.031999925287356325 -0.0056308781609195405
v -0.0338252183908046 -0.04228628275862069 0.02447891724137931
v -0.03704979540229885 -0.03889031494252874 0.02709716091954023
v -0.037016898850574714 -0.03835891954022989 0.023169796551724138
v -0.03181331034482759 -0.03704979540229885 0.01488294367816092
v -0.03181331034482759 -0.037735282758620696 0.01531506551724138
v -0.028660908045977016 -0.034431551724137935 0.010078580459770116
v 0.050906220689655175 -0.03312243103448276 0.010078580459770116
v 0.05363943218390805 -0.02919506896551724 0.008769458620689657
v 0.05508065172413794 -0.027885945977011495 0.01531506551724138
v 0.04280662068965518 -0.0388227551724138 0.010078580459770116
v 0.034951889655172416 -0.042949724137931036 0.012696824137931035
v 0.03887925287356322 -0.039177462068965524 0.008769458620689657
v 0.04280662068965518 -0.0388227551724138 0.010078580459770116
v 0.0493522275862069 -0.03312243103448276 0.0058266425287356325
v 0.03887925287356322 -0.039177462068965524 0.008769458620689657
v 0.04280662068965518 -0.0388227551724138 0.010078580459770116
v 0.0493522275862069 -0.03312243103448276 0.0058266425287356325
v 0.04983009195402299 -0.03312243103448276 0.0061512160919540235
v 0.04149749655172414 -0.04299634137931035 0.02447891724137931
v 0.042124603448275864 -0.04228628275862069 0.02447891724137931
v 0.05066134827586207 -0.03344291954022988 0.012696824137931035
v 0.04149749655172414 -0.04299634137931035 0.02447891724137931
v 0.050906220689655175 -0.03312243103448276 0.010078580459770116
v 0.05066134827586207 -0.03344291954022988 0.012696824137931035
v 0.03364277011494253 -0.04707639885057472 0.028406282758620692
v 0.034951889655172416 -0.042949724137931036 0.012696824137931035
v 0.012696824137931035 -0.05445430344827586 0.04149749655172414
v 0.03364277011494253 -0.04707639885057472 0.028406282758620692
v 0.03364277011494253 -0.047235170114942535 0.029715402298850575
v 0.012696824137931035 -0.05445430344827586 0.04149749655172414
v 0.04986565057471265 -0.030504187356321842 0.003532972413793104
v 0.05272822528735632 -0.027885945977011495 0.007460337931034483
v 0.05363943218390805 -0.02919506896551724 0.008769458620689657
v 0.04986565057471265 -0.030504187356321842 0.003532972413793104
v 0.0493522275862069 -0.03090707701149426 0.003532972413793104
v 0.0493522275862069 -0.030504187356321842 0.0032547827586206896
v 0.04986565057471265 -0.030504187356321842 0.003532972413793104
v 0.05066134827586207 -0.025267702298850576 0.005496954022988506
v 0.05272822528735632 -0.027885945977011495 0.007460337931034483
v 0.04986565057471265 -0.030504187356321842 0.003532972413793104
v 0.05060014367816092 -0.03181331034482759 0.0061512160919540235
v 0.05363943218390805 -0.02919506896551724 0.008769458620689657
v 0.04986565057471265 -0.030504187356321842 0.003532972413793104
v 0.05066134827586207 -0.025267702298850576 0.005496954022988506
v 0.05066134827586207 -0.016103850574712645 0.007644412643678162
v 0.04986565057471265 -0.030504187356321842 0.003532972413793104
v 0.0493522275862069 -0.03090707701149426 0.003532972413793104
v 0.04983009195402299 -0.03312243103448276 0.0061512160919540235
v 0.04986565057471265 -0.030504187356321842 0.003532972413793104
v 0.05060014367816092 -0.03181331034482759 0.0061512160919540235
v 0.04983009195402299 -0.03312243103448276 0.0061512160919540235
v 0.03777794827586207 -0.03835891954022989 0.06113432183908047
v 0.042124603448275864 -0.04228628275862069 0.02447891724137931
v 0.05508065172413794 -0.027885945977011495 0.01531506551724138
v 0.03777794827586207 -0.03835891954022989 0.06113432183908047
v 0.05508065172413794 -0.027885945977011495 0.01531506551724138
v 0.05651863793103449 0.016624187356321842 0.034951889655172416
v 0.03777794827586207 -0.03835891954022989 0.06113432183908047
v 0.04149749655172414 -0.04299634137931035 0.02447891724137931
v 0.042124603448275864 -0.04228628275862069 0.02447891724137931
v 0.044410050574712645 0.014005944827586207 0.06506168275862069
v 0.04542486436781609 0.029715402298850575 0.05686008045977012
v 0.046733983908045985 0.032816678160919543 0.054588712643678164
v 0.044410050574712645 0.014005944827586207 0.06506168275862069
v 0.0473362183908046 0.03102452643678161 0.054588712643678164
v 0.05651863793103449 0.016624187356321842 0.034951889655172416
v 0.044410050574712645 0.014005944827586207 0.06506168275862069
v 0.03777794827586207 -0.03835891954022989 0.06113432183908047
v 0.05651863793103449 0.016624187356321842 0.034951889655172416
v 0.044410050574712645 0.014005944827586207 0.06506168275862069
v 0.03777794827586207 -0.03835891954022989 0.06113432183908047
v 0.03757013333333334 -0.03835891954022989 0.06164383908045978
v 0.011387702298850576 -0.0545465091954023 0.04280662068965518
v 0.010078580459770116 -0.05488691264367816 0.04280662068965518
v 0.012696824137931035 -0.05445430344827586 0.04149749655172414
v 0.004842094252873563 0.04430382068965518 -0.0056308781609195405
v 0.0061512160919540235 0.04280662068965518 -0.0073611551724137945
v 0.0009147298850574714 0.044115740229885056 -0.0028070666666666667
v 0.0061512160919540235 -0.05453437241379311 0.04542486436781609
v 0.010078580459770116 -0.05488691264367816 0.04280662068965518
v -0.00039439195402298855 -0.05578625862068966 0.04280662068965518
v 0.0061512160919540235 -0.05453437241379311 0.04542486436781609
v -0.00039439195402298855 -0.055377496551724144 0.04382738390804598
v -0.00039439195402298855 -0.05578625862068966 0.04280662068965518
v 0.0061512160919540235 -0.05453437241379311 0.04542486436781609
v -0.00039439195402298855 -0.055377496551724144 0.04382738390804598
v -0.003012635632183908 -0.05008366206896552 0.05066134827586207
v -0.038492528735632185 -0.030504187356321842 0.03102452643678161
v -0.03795212068965517 -0.03574067471264368 0.02709716091954023
v -0.03817567241379311 -0.03181331034482759 0.02709716091954023
v -0.038492528735632185 -0.030504187356321842 0.03102452643678161
v -0.03854833103448276 -0.03181331034482759 0.03364277011494253
v -0.03795212068965517 -0.03574067471264368 0.02709716091954023
v -0.038492528735632185 -0.030504187356321842 0.03102452643678161
v -0.03969897126436782 -0.017412972413793106 0.046733983908045985
v -0.03817567241379311 -0.03181331034482759 0.02709716091954023
v -0.038492528735632185 -0.030504187356321842 0.03102452643678161
v -0.03854833103448276 -0.03181331034482759 0.03364277011494253
v -0.03969897126436782 -0.017412972413793106 0.046733983908045985
v -0.037535836781609204 -0.03704979540229885 0.02447891724137931
v -0.03773387356321839 -0.03574067471264368 0.02447891724137931
v -0.037016898850574714 -0.03835891954022989 0.023169796551724138
v -0.037535836781609204 -0.03704979540229885 0.02447891724137931
v -0.03773387356321839 -0.03574067471264368 0.02447891724137931
v -0.03795212068965517 -0.03574067471264368 0.02709716091954023
v -0.037535836781609204 -0.03704979540229885 0.02447891724137931
v -0.03704979540229885 -0.03889031494252874 0.02709716091954023
v -0.037016898850574714 -0.03835891954022989 0.023169796551724138
v -0.037535836781609204 -0.03704979540229885 0.02447891724137931
v -0.03795212068965517 -0.03574067471264368 0.02709716091954023
v -0.03704979540229885 -0.03889031494252874 0.02709716091954023
v -0.037325747126436784 -0.027885945977011495 0.023169796551724138
v -0.03817567241379311 -0.03181331034482759 0.02709716091954023
v -0.03959164137931035 0.016624187356321842 0.0493522275862069
v -0.037325747126436784 -0.027885945977011495 0.023169796551724138
v -0.039162436781609196 0.016624187356321842 0.048043103448275865
v -0.03959164137931035 0.016624187356321842 0.0493522275862069
v -0.038380270114942536 -0.03312243103448276 0.0323336459770115
v -0.03854833103448276 -0.03181331034482759 0.03364277011494253
v -0.03795212068965517 -0.03574067471264368 0.02709716091954023
v -0.038380270114942536 -0.03312243103448276 0.0323336459770115
v -0.037815331034482765 -0.03574067471264368 0.03364277011494253
v -0.03795212068965517 -0.03574067471264368 0.02709716091954023
v -0.038380270114942536 -0.03312243103448276 0.0323336459770115
v -0.037815331034482765 -0.03574067471264368 0.03364277011494253
v -0.038029164367816094 -0.034431551724137935 0.034951889655172416
v -0.038380270114942536 -0.03312243103448276 0.0323336459770115
v -0.03745273218390805 -0.03574067471264368 0.04280662068965518
v -0.038029164367816094 -0.034431551724137935 0.034951889655172416
v -0.038380270114942536 -0.03312243103448276 0.0323336459770115
v -0.03854833103448276 -0.03181331034482759 0.03364277011494253
v -0.03745273218390805 -0.03574067471264368 0.04280662068965518
v -0.03704979540229885 0.014005944827586207 0.061366517241379315
v -0.03835891954022989 0.010078580459770116 0.06056243678160919
v -0.03704979540229885 -0.013485606896551726 0.06548203448275862
v -0.03704979540229885 0.014005944827586207 0.061366517241379315
v -0.034431551724137935 -0.013485606896551726 0.0668372367816092
v -0.03704979540229885 -0.013485606896551726 0.06548203448275862
v -0.03882653103448276 0.02055155287356322 0.05066134827586207
v -0.03835891954022989 0.022299388505747128 0.05066134827586207
v -0.03835891954022989 0.02186067471264368 0.05185588045977012
v -0.03882653103448276 0.02055155287356322 0.05066134827586207
v -0.03835891954022989 0.012696824137931035 0.0587838540229885
v -0.03835891954022989 0.02186067471264368 0.05185588045977012
v -0.03882653103448276 0.02055155287356322 0.05066134827586207
v -0.03835891954022989 0.012696824137931035 0.0587838540229885
v -0.03959164137931035 0.016624187356321842 0.0493522275862069
v -0.037254197701149426 0.023169796551724138 0.048043103448275865
v -0.00010347701149425288 0.04542486436781609 0.003532972413793104
v 0.0009147298850574714 0.044115740229885056 -0.0028070666666666667
v 0.0061512160919540235 0.04654835057471265 -0.0017035137931034484
v 0.016624187356321842 0.04629560919540231 0.010078580459770116
v 0.004842094252873563 0.046795620689655176 -0.0017035137931034484
v 0.0061512160919540235 0.043388957471264374 -0.006940000000000001
v 0.0061512160919540235 0.04280662068965518 -0.0073611551724137945
v 0.007460337931034483 0.04280662068965518 -0.006094102298850575
v 0.0061512160919540235 0.043388957471264374 -0.006940000000000001
v 0.004842094252873563 0.04430382068965518 -0.0056308781609195405
v 0.0061512160919540235 0.04280662068965518 -0.0073611551724137945
v 0.046733983908045985 0.03783872413793104 0.0493522275862069
v 0.046733983908045985 0.03957586436781609 0.046733983908045985
v 0.0469762091954023 0.03757013333333334 0.0493522275862069
v 0.046733983908045985 0.03783872413793104 0.0493522275862069
v 0.046733983908045985 0.03599959195402299 0.051970471264367823
v 0.0469762091954023 0.03757013333333334 0.0493522275862069
v 0.046733983908045985 0.03783872413793104 0.0493522275862069
v 0.046733983908045985 0.03957586436781609 0.046733983908045985
v 0.04542486436781609 0.03975489655172414 0.048043103448275865
v 0.046733983908045985 0.03783872413793104 0.0493522275862069
v 0.046733983908045985 0.03599959195402299 0.051970471264367823
v 0.04542486436781609 0.03975489655172414 0.048043103448275865
v 0.01924243103448276 0.045846717241379314 0.011387702298850576
v 0.03757013333333334 0.0437016459770115 0.03102452643678161
v 0.016624187356321842 0.04629560919540231 0.010078580459770116
v 0.01924243103448276 0.045846717241379314 0.011387702298850576
v 0.03757013333333334 0.0437016459770115 0.03102452643678161
v 0.01924243103448276 0.045219372413793105 0.008769458620689657
v 0.01924243103448276 0.045846717241379314 0.011387702298850576
v 0.0061512160919540235 0.04654835057471265 -0.0017035137931034484
v 0.016624187356321842 0.04629560919540231 0.010078580459770116
v 0.01924243103448276 0.045846717241379314 0.011387702298850576
v 0.0061512160919540235 0.04654835057471265 -0.0017035137931034484
v 0.01924243103448276 0.045219372413793105 0.008769458620689657
v 0.04542486436781609 0.037520473563218394 0.05066134827586207
v 0.044115740229885056 0.03887925287356322 0.04919495057471265
v 0.011387702298850576 0.009486903448275862 0.08338938505747127
v 0.04542486436781609 0.037520473563218394 0.05066134827586207
v 0.046733983908045985 0.03599959195402299 0.051970471264367823
v 0.011387702298850576 0.009486903448275862 0.08338938505747127
v 0.04542486436781609 0.037520473563218394 0.05066134827586207
v 0.044115740229885056 0.03887925287356322 0.04919495057471265
v 0.04542486436781609 0.03975489655172414 0.048043103448275865
v 0.04542486436781609 0.037520473563218394 0.05066134827586207
v 0.046733983908045985 0.03599959195402299 0.051970471264367823
v 0.04542486436781609 0.03975489655172414 0.048043103448275865
v -0.022649458620689657 -0.04835191494252874 0.03757013333333334
v -0.006940000000000001 -0.05340552873563219 0.03757013333333334
v -0.00039439195402298855 -0.05578625862068966 0.04280662068965518
v -0.022649458620689657 -0.04835191494252874 0.03757013333333334
v -0.010867364367816093 -0.05095035862068966 0.04542486436781609
v -0.00039439195402298855 -0.05578625862068966 0.04280662068965518
v -0.0017035137931034484 -0.05529421494252874 0.04149749655172414
v -0.006940000000000001 -0.05340552873563219 0.03757013333333334
v -0.00039439195402298855 -0.05578625862068966 0.04280662068965518
v -0.0017035137931034484 -0.05529421494252874 0.04149749655172414
v -0.00039439195402298855 -0.05568481379310345 0.04149749655172414
v -0.00039439195402298855 -0.05578625862068966 0.04280662068965518
v -0.0017035137931034484 -0.05529421494252874 0.04149749655172414
v -0.00039439195402298855 -0.05568481379310345 0.04149749655172414
v -0.006940000000000001 -0.05340552873563219 0.03757013333333334
v -0.0017035137931034484 -0.05434112298850575 0.03757013333333334
v -0.003012635632183908 -0.04490452643678161 0.01808535402298851
v 0.034951889655172416 -0.042949724137931036 0.012696824137931035
v -0.012176486206896552 -0.04100682413793104 0.011387702298850576
v -0.027885945977011495 -0.0451866091954023 0.023169796551724138
v -0.009558242528735633 -0.031999925287356325 -0.0056308781609195405
v -0.012176486206896552 -0.04100682413793104 0.011387702298850576
v -0.003012635632183908 -0.04490452643678161 0.01808535402298851
v -0.009558242528735633 -0.031999925287356325 -0.0056308781609195405
v -0.012176486206896552 -0.04100682413793104 0.011387702298850576
v -0.0017035137931034484 -0.05434112298850575 0.03757013333333334
v -0.027885945977011495 -0.0451866091954023 0.023169796551724138
v -0.012176486206896552 -0.04100682413793104 0.011387702298850576
v -0.0017035137931034484 -0.05434112298850575 0.03757013333333334
v -0.003012635632183908 -0.04490452643678161 0.01808535402298851
v -0.01000811379310345 -0.03181331034482759 -0.0056308781609195405
v -0.016103850574712645 -0.03312243103448276 -0.0005315344827586208
v -0.009558242528735633 -0.031999925287356325 -0.0056308781609195405
v -0.01000811379310345 -0.03181331034482759 -0.0056308781609195405
v -0.003012635632183908 -0.020031214942528734 -0.020352494252873565
v -0.016103850574712645 -0.03312243103448276 -0.0005315344827586208
v -0.01000811379310345 -0.03181331034482759 -0.0056308781609195405
v -0.003012635632183908 -0.020031214942528734 -0.020352494252873565
v -0.0017035137931034484 -0.025267702298850576 -0.01643213103448276
v -0.016482059770114944 -0.027885945977011495 -0.004321756321839081
v -0.016103850574712645 -0.02828933218390805 -0.004321756321839081
v -0.028660908045977016 -0.034431551724137935 0.010078580459770116
v -0.016482059770114944 -0.027885945977011495 -0.004321756321839081
v -0.016103850574712645 -0.02828933218390805 -0.004321756321839081
v -0.003012635632183908 -0.018753765517241384 -0.0213403367816092
v -0.014794728735632185 -0.030504187356321842 -0.003625796551724138
v -0.016103850574712645 -0.03312243103448276 -0.0005315344827586208
v -0.028660908045977016 -0.034431551724137935 0.010078580459770116
v -0.014794728735632185 -0.030504187356321842 -0.003625796551724138
v -0.016103850574712645 -0.02828933218390805 -0.004321756321839081
v -0.028660908045977016 -0.034431551724137935 0.010078580459770116
v -0.014794728735632185 -0.030504187356321842 -0.003625796551724138
v -0.003012635632183908 -0.020031214942528734 -0.020352494252873565
v -0.016103850574712645 -0.03312243103448276 -0.0005315344827586208
v -0.014794728735632185 -0.030504187356321842 -0.003625796551724138
v -0.003012635632183908 -0.020031214942528734 -0.020352494252873565
v -0.003012635632183908 -0.018753765517241384 -0.0213403367816092
v -0.014794728735632185 -0.030504187356321842 -0.003625796551724138
v -0.016103850574712645 -0.02828933218390805 -0.004321756321839081
v -0.003012635632183908 -0.018753765517241384 -0.0213403367816092
v 0.003532972413793104 -0.017412972413793106 -0.02191446666666667
v -0.0017035137931034484 -0.013913825287356322 -0.023958580459770118
v -0.0017035137931034484 -0.013485606896551726 -0.024082948275862073
v -0.0017035137931034484 -0.02552819310344828 -0.016103850574712645
v -0.0017035137931034484 -0.02640488275862069 -0.014794728735632185
v 0.034951889655172416 -0.042949724137931036 0.012696824137931035
v -0.0017035137931034484 -0.02552819310344828 -0.016103850574712645
v 0.034951889655172416 -0.042949724137931036 0.012696824137931035
v 0.02709716091954023 -0.030504187356321842 -0.005841001149425288
v -0.0017035137931034484 -0.02552819310344828 -0.016103850574712645
v -0.0017035137931034484 -0.025267702298850576 -0.01643213103448276
v 0.02709716091954023 -0.030504187356321842 -0.005841001149425288
v -0.0017035137931034484 -0.02552819310344828 -0.016103850574712645
v -0.0017035137931034484 -0.025267702298850576 -0.01643213103448276
v -0.009558242528735633 -0.031999925287356325 -0.0056308781609195405
v -0.0017035137931034484 -0.02552819310344828 -0.016103850574712645
v -0.0017035137931034484 -0.02640488275862069 -0.014794728735632185
v -0.009558242528735633 -0.031999925287356325 -0.0056308781609195405
v -0.03312243103448276 -0.03987716551724138 0.01924243103448276
v -0.0338252183908046 -0.04228628275862069 0.02447891724137931
v -0.037016898850574714 -0.03835891954022989 0.023169796551724138
v -0.03312243103448276 -0.03987716551724138 0.01924243103448276
v -0.0338252183908046 -0.04228628275862069 0.02447891724137931
v -0.03312243103448276 -0.04228628275862069 0.023322629885057476
v -0.030504187356321842 -0.039428931034482764 0.016624187356321842
v -0.026576824137931037 -0.03835891954022989 0.012593759770114944
v -0.03181331034482759 -0.037735282758620696 0.01531506551724138
v -0.030504187356321842 -0.039428931034482764 0.016624187356321842
v -0.03312243103448276 -0.03987716551724138 0.01924243103448276
v -0.03181331034482759 -0.037735282758620696 0.01531506551724138
v -0.03312243103448276 -0.04286105977011495 0.02447891724137931
v -0.0338252183908046 -0.04228628275862069 0.02447891724137931
v -0.03312243103448276 -0.04228628275862069 0.023322629885057476
v -0.03574067471264368 -0.030504187356321842 0.01745066896551724
v -0.03773387356321839 -0.03574067471264368 0.02447891724137931
v -0.037016898850574714 -0.03835891954022989 0.023169796551724138
v -0.03574067471264368 -0.030504187356321842 0.01745066896551724
v -0.037325747126436784 -0.027885945977011495 0.023169796551724138
v -0.03773387356321839 -0.03574067471264368 0.02447891724137931
v -0.03574067471264368 -0.030504187356321842 0.01745066896551724
v -0.037325747126436784 -0.027885945977011495 0.023169796551724138
v -0.039162436781609196 0.016624187356321842 0.048043103448275865
v 0.05045968620689655 -0.03312243103448276 0.007460337931034483
v 0.05363943218390805 -0.02919506896551724 0.008769458620689657
v 0.04983009195402299 -0.03312243103448276 0.0061512160919540235
v 0.05045968620689655 -0.03312243103448276 0.007460337931034483
v 0.050906220689655175 -0.03312243103448276 0.010078580459770116
v 0.05363943218390805 -0.02919506896551724 0.008769458620689657
v 0.05092262873563219 -0.03312243103448276 0.012696824137931035
v 0.05066134827586207 -0.03344291954022988 0.012696824137931035
v 0.05508065172413794 -0.027885945977011495 0.01531506551724138
v 0.05092262873563219 -0.03312243103448276 0.012696824137931035
v 0.050906220689655175 -0.03312243103448276 0.010078580459770116
v 0.05508065172413794 -0.027885945977011495 0.01531506551724138
v 0.05092262873563219 -0.03312243103448276 0.012696824137931035
v 0.050906220689655175 -0.03312243103448276 0.010078580459770116
v 0.05066134827586207 -0.03344291954022988 0.012696824137931035
v 0.034951889655172416 -0.046744873563218395 0.029715402298850575
v 0.04149749655172414 -0.04299634137931035 0.02447891724137931
v 0.03545630229885058 -0.0462136459770115 0.02709716091954023
v 0.034951889655172416 -0.046744873563218395 0.029715402298850575
v 0.03364277011494253 -0.047235170114942535 0.029715402298850575
v 0.012696824137931035 -0.05445430344827586 0.04149749655172414
v 0.034951889655172416 -0.046744873563218395 0.029715402298850575
v 0.013579586206896551 -0.05406837701149426 0.04149749655172414
v 0.012696824137931035 -0.05445430344827586 0.04149749655172414
v 0.03626101149425288 -0.04410091494252874 0.01924243103448276
v 0.04280662068965518 -0.0388227551724138 0.010078580459770116
v 0.034951889655172416 -0.042949724137931036 0.012696824137931035
v 0.03626101149425288 -0.04410091494252874 0.01924243103448276
v 0.04149749655172414 -0.04299634137931035 0.02447891724137931
v 0.04280662068965518 -0.0388227551724138 0.010078580459770116
v 0.03626101149425288 -0.04410091494252874 0.01924243103448276
v 0.04149749655172414 -0.04299634137931035 0.02447891724137931
v 0.03545630229885058 -0.0462136459770115 0.02709716091954023
v 0.05127737586206897 -0.020031214942528734 0.007460337931034483
v 0.05318538505747127 -0.013485606896551726 0.011387702298850576
v 0.05066134827586207 -0.016103850574712645 0.007644412643678162
v 0.05127737586206897 -0.020031214942528734 0.007460337931034483
v 0.05066134827586207 -0.025267702298850576 0.005496954022988506
v 0.05066134827586207 -0.016103850574712645 0.007644412643678162
v 0.05127737586206897 -0.020031214942528734 0.007460337931034483
v 0.05318538505747127 -0.013485606896551726 0.011387702298850576
v 0.05272822528735632 -0.027885945977011495 0.007460337931034483
v 0.05127737586206897 -0.020031214942528734 0.007460337931034483
v 0.05066134827586207 -0.025267702298850576 0.005496954022988506
v 0.05272822528735632 -0.027885945977011495 0.007460337931034483
v 0.011387702298850576 -0.0056308781609195405 -0.016115686206896553
v 0.0061512160919540235 0.04280662068965518 -0.0073611551724137945
v 0.05066134827586207 -0.016103850574712645 0.007644412643678162
v 0.011387702298850576 -0.0056308781609195405 -0.016115686206896553
v 0.04986565057471265 -0.030504187356321842 0.003532972413793104
v 0.05066134827586207 -0.016103850574712645 0.007644412643678162
v 0.014005944827586207 0.007460337931034483 0.08385552068965518
v 0.014005944827586207 0.008407490804597701 0.08338938505747127
v 0.011387702298850576 0.0061512160919540235 0.08566336781609196
v 0.014005944827586207 0.007460337931034483 0.08385552068965518
v 0.044410050574712645 0.014005944827586207 0.06506168275862069
v 0.011387702298850576 0.0061512160919540235 0.08566336781609196
v 0.014005944827586207 0.007460337931034483 0.08385552068965518
v 0.04542486436781609 0.029715402298850575 0.05686008045977012
v 0.014005944827586207 0.008407490804597701 0.08338938505747127
v 0.014005944827586207 0.007460337931034483 0.08385552068965518
v 0.044410050574712645 0.014005944827586207 0.06506168275862069
v 0.04542486436781609 0.029715402298850575 0.05686008045977012
v 0.04707649425287357 0.0323336459770115 0.054588712643678164
v 0.044410050574712645 0.014005944827586207 0.06506168275862069
v 0.0473362183908046 0.03102452643678161 0.054588712643678164
v 0.04707649425287357 0.0323336459770115 0.054588712643678164
v 0.046733983908045985 0.03599959195402299 0.051970471264367823
v 0.046733983908045985 0.032816678160919543 0.054588712643678164
v 0.04707649425287357 0.0323336459770115 0.054588712643678164
v 0.046733983908045985 0.03599959195402299 0.051970471264367823
v 0.04721383908045978 0.034951889655172416 0.051970471264367823
v 0.04707649425287357 0.0323336459770115 0.054588712643678164
v 0.0473362183908046 0.03102452643678161 0.054588712643678164
v 0.05651863793103449 0.016624187356321842 0.034951889655172416
v 0.04707649425287357 0.0323336459770115 0.054588712643678164
v 0.04721383908045978 0.034951889655172416 0.051970471264367823
v 0.05651863793103449 0.016624187356321842 0.034951889655172416
v -0.001074541379310345 -0.013485606896551726 -0.023958580459770118
v -0.00039439195402298855 -0.008249121839080461 -0.022797747126436785
v -0.0017035137931034484 -0.013485606896551726 -0.024082948275862073
v -0.001074541379310345 -0.013485606896551726 -0.023958580459770118
v 0.003532972413793104 -0.017412972413793106 -0.02191446666666667
v -0.0017035137931034484 -0.013485606896551726 -0.024082948275862073
v 0.0061512160919540235 -0.05406837701149426 0.04596603448275862
v 0.0061512160919540235 -0.05453437241379311 0.04542486436781609
v -0.003012635632183908 -0.05008366206896552 0.05066134827586207
v -0.03791746781609196 -0.03181331034482759 0.025788039080459773
v -0.03773387356321839 -0.03574067471264368 0.02447891724137931
v -0.03817567241379311 -0.03181331034482759 0.02709716091954023
v -0.03791746781609196 -0.03181331034482759 0.025788039080459773
v -0.037325747126436784 -0.027885945977011495 0.023169796551724138
v -0.03817567241379311 -0.03181331034482759 0.02709716091954023
v -0.03791746781609196 -0.03181331034482759 0.025788039080459773
v -0.037325747126436784 -0.027885945977011495 0.023169796551724138
v -0.03773387356321839 -0.03574067471264368 0.02447891724137931
v -0.037162629885057474 0.014005944827586207 0.06113432183908047
v -0.03835891954022989 0.012696824137931035 0.0587838540229885
v -0.03835891954022989 0.010078580459770116 0.06056243678160919
v -0.037162629885057474 0.014005944827586207 0.06113432183908047
v -0.03704979540229885 0.014005944827586207 0.061366517241379315
v -0.03835891954022989 0.010078580459770116 0.06056243678160919
v -0.037162629885057474 0.014005944827586207 0.06113432183908047
v -0.03835891954022989 0.012696824137931035 0.0587838540229885
v -0.03835891954022989 0.02186067471264368 0.05185588045977012
v -0.037162629885057474 0.014005944827586207 0.06113432183908047
v -0.03704979540229885 0.014005944827586207 0.061366517241379315
v -0.03835891954022989 0.02186067471264368 0.05185588045977012
v -0.03704979540229885 0.014259256321839081 0.06113432183908047
v -0.038246868965517246 0.02186067471264368 0.051970471264367823
v -0.03835891954022989 0.02186067471264368 0.05185588045977012
v -0.03704979540229885 0.014259256321839081 0.06113432183908047
v -0.03704979540229885 0.014005944827586207 0.061366517241379315
v -0.03835891954022989 0.02186067471264368 0.05185588045977012
v -0.03704979540229885 0.014259256321839081 0.06113432183908047
v -0.038246868965517246 0.02186067471264368 0.051970471264367823
v -0.03704979540229885 0.02186067471264368 0.05313161149425288
v 0.007333751724137931 0.004842094252873563 0.08469850574712644
v -0.03704979540229885 0.014005944827586207 0.061366517241379315
v -0.034431551724137935 -0.013485606896551726 0.0668372367816092
v -0.031201901149425292 0.01924243103448276 0.06113432183908047
v -0.03704979540229885 0.014005944827586207 0.061366517241379315
v -0.02384941379310345 0.02055155287356322 0.06506168275862069
v -0.031201901149425292 0.01924243103448276 0.06113432183908047
v -0.02384941379310345 0.02055155287356322 0.06506168275862069
v -0.03704979540229885 0.02186067471264368 0.05313161149425288
v -0.031201901149425292 0.01924243103448276 0.06113432183908047
v -0.03704979540229885 0.014259256321839081 0.06113432183908047
v -0.03704979540229885 0.014005944827586207 0.061366517241379315
v -0.031201901149425292 0.01924243103448276 0.06113432183908047
v -0.03704979540229885 0.014259256321839081 0.06113432183908047
v -0.03704979540229885 0.02186067471264368 0.05313161149425288
v -0.022649458620689657 0.02055155287356322 0.06568532528735634
v -0.03704979540229885 0.014005944827586207 0.061366517241379315
v -0.02384941379310345 0.02055155287356322 0.06506168275862069
v -0.022649458620689657 0.02055155287356322 0.06568532528735634
v -0.02384941379310345 0.02055155287356322 0.06506168275862069
v -0.022649458620689657 0.021184480459770116 0.06506168275862069
v -0.022649458620689657 0.02055155287356322 0.06568532528735634
v 0.011387702298850576 0.009486903448275862 0.08338938505747127
v -0.022649458620689657 0.021184480459770116 0.06506168275862069
v -0.03704979540229885 0.023290398850574715 0.048043103448275865
v -0.03835891954022989 0.022299388505747128 0.05066134827586207
v -0.03574067471264368 0.023946137931034485 0.048043103448275865
v -0.03704979540229885 0.023290398850574715 0.048043103448275865
v -0.037254197701149426 0.023169796551724138 0.048043103448275865
v -0.03835891954022989 0.022299388505747128 0.05066134827586207
v -0.03704979540229885 0.023290398850574715 0.048043103448275865
v -0.03574067471264368 0.023946137931034485 0.048043103448275865
v -0.00010347701149425288 0.04542486436781609 0.003532972413793104
v -0.03704979540229885 0.023290398850574715 0.048043103448275865
v -0.037254197701149426 0.023169796551724138 0.048043103448275865
v -0.00010347701149425288 0.04542486436781609 0.003532972413793104
v 0.05066134827586207 -0.005447562068965518 0.012696824137931035
v 0.054588712643678164 0.0179333091954023 0.029934517241379313
v 0.05318538505747127 -0.013485606896551726 0.011387702298850576
v 0.0562936091954023 0.0179333091954023 0.03364277011494253
v 0.054588712643678164 0.0179333091954023 0.029934517241379313
v 0.05318538505747127 -0.013485606896551726 0.011387702298850576
v 0.0562936091954023 0.0179333091954023 0.03364277011494253
v 0.04704984827586207 0.03887925287356322 0.046733983908045985
v 0.05651863793103449 0.016624187356321842 0.034951889655172416
v 0.0562936091954023 0.0179333091954023 0.03364277011494253
v 0.05508065172413794 -0.027885945977011495 0.01531506551724138
v 0.05651863793103449 0.016624187356321842 0.034951889655172416
v 0.0562936091954023 0.0179333091954023 0.03364277011494253
v 0.046733983908045985 0.03957586436781609 0.046733983908045985
v 0.04704984827586207 0.03887925287356322 0.046733983908045985
v 0.0562936091954023 0.0179333091954023 0.03364277011494253
v 0.05363943218390805 -0.02919506896551724 0.008769458620689657
v 0.05508065172413794 -0.027885945977011495 0.01531506551724138
v 0.0562936091954023 0.0179333091954023 0.03364277011494253
v 0.05318538505747127 -0.013485606896551726 0.011387702298850576
v 0.05363943218390805 -0.02919506896551724 0.008769458620689657
v 0.007903916091954023 0.04280662068965518 -0.0056308781609195405
v 0.054588712643678164 0.0179333091954023 0.029934517241379313
v 0.01924243103448276 0.045219372413793105 0.008769458620689657
v 0.007903916091954023 0.04280662068965518 -0.0056308781609195405
v 0.05066134827586207 -0.005447562068965518 0.012696824137931035
v 0.007460337931034483 0.04280662068965518 -0.006094102298850575
v 0.007903916091954023 0.04280662068965518 -0.0056308781609195405
v 0.05066134827586207 -0.005447562068965518 0.012696824137931035
v 0.054588712643678164 0.0179333091954023 0.029934517241379313
v 0.03626101149425288 0.04280662068965518 0.028089219540229887
v 0.01924243103448276 0.045219372413793105 0.008769458620689657
v 0.03626101149425288 0.0431298459770115 0.028406282758620692
v 0.0061512160919540235 0.045875801149425285 -0.003012635632183908
v 0.0061512160919540235 0.04654835057471265 -0.0017035137931034484
v 0.01924243103448276 0.045219372413793105 0.008769458620689657
v 0.0061512160919540235 0.045875801149425285 -0.003012635632183908
v 0.0061512160919540235 0.043388957471264374 -0.006940000000000001
v 0.01924243103448276 0.045219372413793105 0.008769458620689657
v 0.004842094252873563 0.04542486436781609 -0.004563631034482759
v 0.0061512160919540235 0.043388957471264374 -0.006940000000000001
v 0.004842094252873563 0.04430382068965518 -0.0056308781609195405
v 0.004842094252873563 0.04542486436781609 -0.004563631034482759
v 0.004842094252873563 0.04430382068965518 -0.0056308781609195405
v 0.0009147298850574714 0.044115740229885056 -0.0028070666666666667
v 0.004842094252873563 0.04542486436781609 -0.004563631034482759
v 0.0061512160919540235 0.045875801149425285 -0.003012635632183908
v 0.0061512160919540235 0.043388957471264374 -0.006940000000000001
v -0.026576824137931037 -0.046674160919540235 0.029715402298850575
v -0.022649458620689657 -0.04835191494252874 0.03757013333333334
v -0.006940000000000001 -0.05340552873563219 0.03757013333333334
v -0.00039439195402298855 -0.05542793448275862 0.040188377011494254
v -0.00039439195402298855 -0.05568481379310345 0.04149749655172414
v -0.006940000000000001 -0.05340552873563219 0.03757013333333334
v -0.00039439195402298855 -0.05542793448275862 0.040188377011494254
v -0.006940000000000001 -0.05340552873563219 0.03757013333333334
v -0.027885945977011495 -0.0451866091954023 0.023169796551724138
v -0.00039439195402298855 -0.05542793448275862 0.040188377011494254
v -0.0017035137931034484 -0.05434112298850575 0.03757013333333334
v -0.027885945977011495 -0.0451866091954023 0.023169796551724138
v -0.00039439195402298855 -0.05542793448275862 0.040188377011494254
v 0.034951889655172416 -0.042949724137931036 0.012696824137931035
v 0.012696824137931035 -0.05445430344827586 0.04149749655172414
v -0.00039439195402298855 -0.05542793448275862 0.040188377011494254
v -0.00039439195402298855 -0.05568481379310345 0.04149749655172414
v 0.012696824137931035 -0.05445430344827586 0.04149749655172414
v -0.0017035137931034484 -0.006940000000000001 -0.022086785057471265
v -0.00039439195402298855 -0.008249121839080461 -0.022797747126436785
v -0.0017035137931034484 -0.013485606896551726 -0.024082948275862073
v -0.0017035137931034484 -0.006940000000000001 -0.022086785057471265
v 0.0061512160919540235 0.04280662068965518 -0.0073611551724137945
v 0.0009147298850574714 0.044115740229885056 -0.0028070666666666667
v -0.0017035137931034484 -0.006940000000000001 -0.022086785057471265
v -0.00039439195402298855 -0.008249121839080461 -0.022797747126436785
v 0.0061512160919540235 0.04280662068965518 -0.0073611551724137945
v -0.009558242528735633 -0.03181331034482759 -0.005841390804597702
v -0.0017035137931034484 -0.025267702298850576 -0.01643213103448276
v -0.009558242528735633 -0.031999925287356325 -0.0056308781609195405
v -0.009558242528735633 -0.03181331034482759 -0.005841390804597702
v -0.01000811379310345 -0.03181331034482759 -0.0056308781609195405
v -0.009558242528735633 -0.031999925287356325 -0.0056308781609195405
v -0.009558242528735633 -0.03181331034482759 -0.005841390804597702
v -0.01000811379310345 -0.03181331034482759 -0.0056308781609195405
v -0.0017035137931034484 -0.025267702298850576 -0.01643213103448276
v 0.01531506551724138 -0.023958580459770118 -0.01401899655172414
v 0.003532972413793104 -0.017412972413793106 -0.02191446666666667
v 0.0009147298850574714 -0.022649458620689657 -0.01812283563218391
v 0.01531506551724138 -0.023958580459770118 -0.01401899655172414
v -0.0017035137931034484 -0.025267702298850576 -0.01643213103448276
v 0.02709716091954023 -0.030504187356321842 -0.005841001149425288
v 0.01531506551724138 -0.023958580459770118 -0.01401899655172414
v 0.0009147298850574714 -0.022649458620689657 -0.01812283563218391
v -0.0017035137931034484 -0.025267702298850576 -0.01643213103448276
v 0.01531506551724138 -0.023958580459770118 -0.01401899655172414
v 0.027615568965517246 -0.030504187356321842 -0.0056308781609195405
v 0.02709716091954023 -0.030504187356321842 -0.005841001149425288
v 0.01531506551724138 -0.023958580459770118 -0.01401899655172414
v 0.027615568965517246 -0.030504187356321842 -0.0056308781609195405
v 0.0493522275862069 -0.030504187356321842 0.0032547827586206896
v 0.01531506551724138 -0.023958580459770118 -0.01401899655172414
v 0.003532972413793104 -0.017412972413793106 -0.02191446666666667
v 0.0493522275862069 -0.030504187356321842 0.0032547827586206896
v -0.003012635632183908 -0.016103850574712645 -0.023023741379310347
v -0.016482059770114944 -0.027885945977011495 -0.004321756321839081
v -0.028660908045977016 -0.034431551724137935 0.010078580459770116
v -0.003012635632183908 -0.016103850574712645 -0.023023741379310347
v -0.016482059770114944 -0.027885945977011495 -0.004321756321839081
v -0.003012635632183908 -0.018753765517241384 -0.0213403367816092
v -0.003012635632183908 -0.016103850574712645 -0.023023741379310347
v -0.003012635632183908 -0.014794728735632185 -0.023213989655172414
v -0.0017035137931034484 -0.013485606896551726 -0.024082948275862073
v -0.003012635632183908 -0.016103850574712645 -0.023023741379310347
v -0.0017035137931034484 -0.013913825287356322 -0.023958580459770118
v -0.0017035137931034484 -0.013485606896551726 -0.024082948275862073
v 0.0024842034482758625 -0.014794728735632185 -0.022649458620689657
v 0.04986565057471265 -0.030504187356321842 0.003532972413793104
v 0.0493522275862069 -0.030504187356321842 0.0032547827586206896
v 0.0024842034482758625 -0.014794728735632185 -0.022649458620689657
v 0.003532972413793104 -0.017412972413793106 -0.02191446666666667
v 0.0493522275862069 -0.030504187356321842 0.0032547827586206896
v -0.0017035137931034484 -0.018722094252873564 -0.021679712643678163
v -0.003012635632183908 -0.016103850574712645 -0.023023741379310347
v -0.003012635632183908 -0.018753765517241384 -0.0213403367816092
v -0.0017035137931034484 -0.020031214942528734 -0.020748380459770115
v 0.0009147298850574714 -0.022649458620689657 -0.01812283563218391
v -0.0017035137931034484 -0.025267702298850576 -0.01643213103448276
v -0.0017035137931034484 -0.020031214942528734 -0.020748380459770115
v 0.003532972413793104 -0.017412972413793106 -0.02191446666666667
v 0.0009147298850574714 -0.022649458620689657 -0.01812283563218391
v -0.0017035137931034484 -0.020031214942528734 -0.020748380459770115
v -0.0017035137931034484 -0.018722094252873564 -0.021679712643678163
v 0.003532972413793104 -0.017412972413793106 -0.02191446666666667
v -0.0017035137931034484 -0.020031214942528734 -0.020748380459770115
v -0.003012635632183908 -0.020031214942528734 -0.020352494252873565
v -0.0017035137931034484 -0.025267702298850576 -0.01643213103448276
v -0.0017035137931034484 -0.020031214942528734 -0.020748380459770115
v -0.003012635632183908 -0.020031214942528734 -0.020352494252873565
v -0.003012635632183908 -0.018753765517241384 -0.0213403367816092
v -0.0017035137931034484 -0.020031214942528734 -0.020748380459770115
v -0.0017035137931034484 -0.018722094252873564 -0.021679712643678163
v -0.003012635632183908 -0.018753765517241384 -0.0213403367816092
v -0.031213681609195403 -0.04359540229885058 0.023169796551724138
v -0.03312243103448276 -0.03987716551724138 0.01924243103448276
v -0.03312243103448276 -0.04228628275862069 0.023322629885057476
v -0.031213681609195403 -0.04359540229885058 0.023169796551724138
v -0.03312243103448276 -0.03987716551724138 0.01924243103448276
v -0.030504187356321842 -0.04405540229885058 0.023169796551724138
v -0.031213681609195403 -0.04359540229885058 0.023169796551724138
v -0.03312243103448276 -0.04286105977011495 0.02447891724137931
v -0.03312243103448276 -0.04228628275862069 0.023322629885057476
v -0.031213681609195403 -0.04359540229885058 0.023169796551724138
v -0.03312243103448276 -0.04286105977011495 0.02447891724137931
v -0.030504187356321842 -0.04405540229885058 0.023169796551724138
v -0.03312243103448276 -0.03966803908045977 0.019008118390804598
v -0.03312243103448276 -0.03987716551724138 0.01924243103448276
v -0.037016898850574714 -0.03835891954022989 0.023169796551724138
v -0.03312243103448276 -0.03966803908045977 0.019008118390804598
v -0.03312243103448276 -0.03987716551724138 0.01924243103448276
v -0.03181331034482759 -0.037735282758620696 0.01531506551724138
v -0.030504187356321842 -0.04359540229885058 0.022467344827586208
v -0.030504187356321842 -0.039428931034482764 0.016624187356321842
v -0.026576824137931037 -0.03835891954022989 0.012593759770114944
v -0.030504187356321842 -0.04359540229885058 0.022467344827586208
v -0.026576824137931037 -0.03835891954022989 0.012593759770114944
v -0.027885945977011495 -0.0451866091954023 0.023169796551724138
v -0.030504187356321842 -0.04359540229885058 0.022467344827586208
v -0.030504187356321842 -0.04405540229885058 0.023169796551724138
v -0.027885945977011495 -0.0451866091954023 0.023169796551724138
v -0.030504187356321842 -0.04359540229885058 0.022467344827586208
v -0.03312243103448276 -0.03987716551724138 0.01924243103448276
v -0.030504187356321842 -0.04405540229885058 0.023169796551724138
v -0.030504187356321842 -0.04359540229885058 0.022467344827586208
v -0.030504187356321842 -0.039428931034482764 0.016624187356321842
v -0.03312243103448276 -0.03987716551724138 0.01924243103448276
v -0.033306137931034485 -0.03704979540229885 0.016624187356321842
v -0.03574067471264368 -0.030504187356321842 0.01745066896551724
v -0.037016898850574714 -0.03835891954022989 0.023169796551724138
v -0.004321756321839081 -0.013485606896551726 -0.021591960919540232
v -0.03574067471264368 -0.030504187356321842 0.01745066896551724
v -0.003012635632183908 -0.014794728735632185 -0.023213989655172414
v -0.032892525287356325 -0.023958580459770118 0.01531506551724138
v -0.004321756321839081 -0.013485606896551726 -0.021591960919540232
v -0.004731386206896553 -0.010867364367816093 -0.020031214942528734
v -0.038244933333333335 0.02186067471264368 0.048043103448275865
v -0.03574067471264368 -0.030504187356321842 0.01745066896551724
v -0.039162436781609196 0.016624187356321842 0.048043103448275865
v -0.038244933333333335 0.02186067471264368 0.048043103448275865
v -0.039162436781609196 0.016624187356321842 0.048043103448275865
v -0.03959164137931035 0.016624187356321842 0.0493522275862069
v -0.038244933333333335 0.02186067471264368 0.048043103448275865
v -0.03882653103448276 0.02055155287356322 0.05066134827586207
v -0.03959164137931035 0.016624187356321842 0.0493522275862069
v -0.038244933333333335 0.02186067471264368 0.048043103448275865
v -0.03882653103448276 0.02055155287356322 0.05066134827586207
v -0.03835891954022989 0.022299388505747128 0.05066134827586207
v -0.038244933333333335 0.02186067471264368 0.048043103448275865
v -0.037254197701149426 0.023169796551724138 0.048043103448275865
v -0.03835891954022989 0.022299388505747128 0.05066134827586207
v 0.0493522275862069 -0.03464768275862069 0.010078580459770116
v 0.04149749655172414 -0.04299634137931035 0.02447891724137931
v 0.050906220689655175 -0.03312243103448276 0.010078580459770116
v 0.0493522275862069 -0.03464768275862069 0.010078580459770116
v 0.05045968620689655 -0.03312243103448276 0.007460337931034483
v 0.050906220689655175 -0.03312243103448276 0.010078580459770116
v 0.0493522275862069 -0.03464768275862069 0.010078580459770116
v 0.04149749655172414 -0.04299634137931035 0.02447891724137931
v 0.04280662068965518 -0.0388227551724138 0.010078580459770116
v 0.0493522275862069 -0.03464768275862069 0.010078580459770116
v 0.04280662068965518 -0.0388227551724138 0.010078580459770116
v 0.04983009195402299 -0.03312243103448276 0.0061512160919540235
v 0.0493522275862069 -0.03464768275862069 0.010078580459770116
v 0.05045968620689655 -0.03312243103448276 0.007460337931034483
v 0.04983009195402299 -0.03312243103448276 0.0061512160919540235
v 0.034951889655172416 -0.04643127126436782 0.02709716091954023
v 0.03364277011494253 -0.04707639885057472 0.028406282758620692
v 0.03364277011494253 -0.047235170114942535 0.029715402298850575
v 0.034951889655172416 -0.04643127126436782 0.02709716091954023
v 0.034951889655172416 -0.046744873563218395 0.029715402298850575
v 0.03364277011494253 -0.047235170114942535 0.029715402298850575
v 0.034951889655172416 -0.04643127126436782 0.02709716091954023
v 0.034951889655172416 -0.046744873563218395 0.029715402298850575
v 0.03545630229885058 -0.0462136459770115 0.02709716091954023
v 0.034951889655172416 -0.04643127126436782 0.02709716091954023
v 0.03364277011494253 -0.04707639885057472 0.028406282758620692
v 0.034951889655172416 -0.042949724137931036 0.012696824137931035
v 0.034951889655172416 -0.04643127126436782 0.02709716091954023
v 0.03626101149425288 -0.04410091494252874 0.01924243103448276
v 0.03545630229885058 -0.0462136459770115 0.02709716091954023
v 0.034951889655172416 -0.04643127126436782 0.02709716091954023
v 0.03626101149425288 -0.04410091494252874 0.01924243103448276
v 0.034951889655172416 -0.042949724137931036 0.012696824137931035
v 0.03626101149425288 -0.03958024137931035 0.06113432183908047
v 0.03777794827586207 -0.03835891954022989 0.06113432183908047
v 0.04149749655172414 -0.04299634137931035 0.02447891724137931
v 0.03626101149425288 -0.03958024137931035 0.06113432183908047
v 0.03777794827586207 -0.03835891954022989 0.06113432183908047
v 0.03757013333333334 -0.03835891954022989 0.06164383908045978
v 0.03626101149425288 -0.03958024137931035 0.06113432183908047
v 0.034951889655172416 -0.046744873563218395 0.029715402298850575
v 0.013579586206896551 -0.05406837701149426 0.04149749655172414
v 0.03626101149425288 -0.03958024137931035 0.06113432183908047
v 0.013579586206896551 -0.05406837701149426 0.04149749655172414
v 0.012696824137931035 -0.05445430344827586 0.04149749655172414
v 0.03626101149425288 -0.03958024137931035 0.06113432183908047
v 0.011387702298850576 -0.0545465091954023 0.04280662068965518
v 0.012696824137931035 -0.05445430344827586 0.04149749655172414
v 0.03626101149425288 -0.03958024137931035 0.06113432183908047
v 0.011387702298850576 -0.0545465091954023 0.04280662068965518
v 0.010078580459770116 -0.05488691264367816 0.04280662068965518
v 0.03626101149425288 -0.03958024137931035 0.06113432183908047
v 0.0061512160919540235 -0.05453437241379311 0.04542486436781609
v 0.010078580459770116 -0.05488691264367816 0.04280662068965518
v 0.03626101149425288 -0.03958024137931035 0.06113432183908047
v 0.0061512160919540235 -0.05406837701149426 0.04596603448275862
v 0.0061512160919540235 -0.05453437241379311 0.04542486436781609
v 0.03626101149425288 -0.03958024137931035 0.06113432183908047
v 0.0061512160919540235 -0.05406837701149426 0.04596603448275862
v -0.003012635632183908 -0.05008366206896552 0.05066134827586207
v 0.034951889655172416 0.0061512160919540235 0.07208940574712645
v 0.044410050574712645 0.014005944827586207 0.06506168275862069
v 0.011387702298850576 0.0061512160919540235 0.08566336781609196
v 0.0342324 0.0022238505747126437 0.07291641724137932
v 0.044410050574712645 0.014005944827586207 0.06506168275862069
v 0.03757013333333334 -0.03835891954022989 0.06164383908045978
v 0.0342324 0.0022238505747126437 0.07291641724137932
v 0.025788039080459773 -0.010867364367816093 0.07743898850574713
v 0.03757013333333334 -0.03835891954022989 0.06164383908045978
v 0.0342324 0.0022238505747126437 0.07291641724137932
v 0.034951889655172416 0.0061512160919540235 0.07208940574712645
v 0.044410050574712645 0.014005944827586207 0.06506168275862069
v 0.0342324 0.0022238505747126437 0.07291641724137932
v 0.025788039080459773 -0.010867364367816093 0.07743898850574713
v 0.011387702298850576 0.0061512160919540235 0.08566336781609196
v 0.0342324 0.0022238505747126437 0.07291641724137932
v 0.034951889655172416 0.0061512160919540235 0.07208940574712645
v 0.011387702298850576 0.0061512160919540235 0.08566336781609196
v 0.023169796551724138 -0.010867364367816093 0.07790472413793104
v 0.008769458620689657 0.004842094252873563 0.08490494252873564
v 0.011387702298850576 0.0061512160919540235 0.08566336781609196
v 0.023169796551724138 -0.010867364367816093 0.07790472413793104
v 0.025788039080459773 -0.010867364367816093 0.07743898850574713
v 0.011387702298850576 0.0061512160919540235 0.08566336781609196
v 0.023169796551724138 -0.010867364367816093 0.07790472413793104
v 0.008769458620689657 0.004842094252873563 0.08490494252873564
v 0.007460337931034483 0.004727313793103449 0.08469850574712644
v 0.023169796551724138 -0.010867364367816093 0.07790472413793104
v 0.007460337931034483 0.004727313793103449 0.08469850574712644
v -0.003012635632183908 -0.05008366206896552 0.05066134827586207
v 0.046733983908045985 0.0323336459770115 0.054822327586206906
v 0.044410050574712645 0.014005944827586207 0.06506168275862069
v 0.046733983908045985 0.032816678160919543 0.054588712643678164
v 0.046733983908045985 0.0323336459770115 0.054822327586206906
v 0.04707649425287357 0.0323336459770115 0.054588712643678164
v 0.046733983908045985 0.032816678160919543 0.054588712643678164
v 0.046733983908045985 0.0323336459770115 0.054822327586206906
v 0.04707649425287357 0.0323336459770115 0.054588712643678164
v 0.044410050574712645 0.014005944827586207 0.06506168275862069
v -0.03574067471264368 -0.036302373563218394 0.04542486436781609
v -0.03574067471264368 -0.03574067471264368 0.04602896551724138
v -0.03745273218390805 -0.03574067471264368 0.04280662068965518
v -0.03574067471264368 -0.036302373563218394 0.04542486436781609
v -0.03574067471264368 -0.03574067471264368 0.04602896551724138
v -0.010867364367816093 -0.05095035862068966 0.04542486436781609
v -0.03574067471264368 -0.036302373563218394 0.04542486436781609
v -0.022649458620689657 -0.04835191494252874 0.03757013333333334
v -0.010867364367816093 -0.05095035862068966 0.04542486436781609
v 0.008769458620689657 0.0061512160919540235 0.0851603103448276
v 0.007333751724137931 0.004842094252873563 0.08469850574712644
v -0.03704979540229885 0.014005944827586207 0.061366517241379315
v 0.008769458620689657 0.0061512160919540235 0.0851603103448276
v -0.022649458620689657 0.02055155287356322 0.06568532528735634
v -0.03704979540229885 0.014005944827586207 0.061366517241379315
v 0.008769458620689657 0.0061512160919540235 0.0851603103448276
v -0.022649458620689657 0.02055155287356322 0.06568532528735634
v 0.011387702298850576 0.009486903448275862 0.08338938505747127
v 0.008769458620689657 0.0061512160919540235 0.0851603103448276
v 0.011387702298850576 0.009486903448275862 0.08338938505747127
v 0.011387702298850576 0.0061512160919540235 0.08566336781609196
v 0.007460337931034483 0.004842094252873563 0.08475122988505748
v 0.008769458620689657 0.004842094252873563 0.08490494252873564
v 0.011387702298850576 0.0061512160919540235 0.08566336781609196
v 0.007460337931034483 0.004842094252873563 0.08475122988505748
v 0.008769458620689657 0.004842094252873563 0.08490494252873564
v 0.007460337931034483 0.004727313793103449 0.08469850574712644
v 0.007460337931034483 0.004842094252873563 0.08475122988505748
v 0.008769458620689657 0.0061512160919540235 0.0851603103448276
v 0.011387702298850576 0.0061512160919540235 0.08566336781609196
v 0.007460337931034483 0.004842094252873563 0.08475122988505748
v 0.008769458620689657 0.0061512160919540235 0.0851603103448276
v 0.007333751724137931 0.004842094252873563 0.08469850574712644
v 0.007460337931034483 0.004842094252873563 0.08475122988505748
v 0.007460337931034483 0.004727313793103449 0.08469850574712644
v -0.034431551724137935 -0.013485606896551726 0.0668372367816092
v 0.007460337931034483 0.004842094252873563 0.08475122988505748
v 0.007333751724137931 0.004842094252873563 0.08469850574712644
v -0.034431551724137935 -0.013485606896551726 0.0668372367816092
v 0.05066134827586207 -0.0056308781609195405 0.012605683908045978
v 0.05318538505747127 -0.013485606896551726 0.011387702298850576
v 0.05066134827586207 -0.016103850574712645 0.007644412643678162
v 0.05066134827586207 -0.0056308781609195405 0.012605683908045978
v 0.05066134827586207 -0.005447562068965518 0.012696824137931035
v 0.05318538505747127 -0.013485606896551726 0.011387702298850576
v 0.05066134827586207 -0.0056308781609195405 0.012605683908045978
v 0.0061512160919540235 0.04280662068965518 -0.0073611551724137945
v 0.05066134827586207 -0.016103850574712645 0.007644412643678162
v 0.05066134827586207 -0.0056308781609195405 0.012605683908045978
v 0.0061512160919540235 0.04280662068965518 -0.0073611551724137945
v 0.007460337931034483 0.04280662068965518 -0.006094102298850575
v 0.05066134827586207 -0.0056308781609195405 0.012605683908045978
v 0.05066134827586207 -0.005447562068965518 0.012696824137931035
v 0.007460337931034483 0.04280662068965518 -0.006094102298850575
v 0.054588712643678164 0.01924243103448276 0.03093957931034483
v 0.0562936091954023 0.0179333091954023 0.03364277011494253
v 0.054588712643678164 0.0179333091954023 0.029934517241379313
v 0.054588712643678164 0.01924243103448276 0.03093957931034483
v 0.03828141379310345 0.04280662068965518 0.03102452643678161
v 0.03626101149425288 0.0431298459770115 0.028406282758620692
v 0.054588712643678164 0.01924243103448276 0.03093957931034483
v 0.03828141379310345 0.04280662068965518 0.03102452643678161
v 0.04098584252873564 0.04149749655172414 0.03364277011494253
v 0.054588712643678164 0.01924243103448276 0.03093957931034483
v 0.03626101149425288 0.04280662068965518 0.028089219540229887
v 0.03626101149425288 0.0431298459770115 0.028406282758620692
v 0.054588712643678164 0.01924243103448276 0.03093957931034483
v 0.054588712643678164 0.0179333091954023 0.029934517241379313
v 0.01924243103448276 0.045219372413793105 0.008769458620689657
v 0.054588712643678164 0.01924243103448276 0.03093957931034483
v 0.03626101149425288 0.04280662068965518 0.028089219540229887
v 0.01924243103448276 0.045219372413793105 0.008769458620689657
v 0.007460337931034483 0.04333458390804598 -0.0056308781609195405
v 0.0061512160919540235 0.043388957471264374 -0.006940000000000001
v 0.01924243103448276 0.045219372413793105 0.008769458620689657
v 0.007460337931034483 0.04333458390804598 -0.0056308781609195405
v 0.007903916091954023 0.04280662068965518 -0.0056308781609195405
v 0.01924243103448276 0.045219372413793105 0.008769458620689657
v 0.007460337931034483 0.04333458390804598 -0.0056308781609195405
v 0.0061512160919540235 0.043388957471264374 -0.006940000000000001
v 0.007460337931034483 0.04280662068965518 -0.006094102298850575
v 0.007460337931034483 0.04333458390804598 -0.0056308781609195405
v 0.007903916091954023 0.04280662068965518 -0.0056308781609195405
v 0.007460337931034483 0.04280662068965518 -0.006094102298850575
v 0.004842094252873563 0.04556040689655173 -0.004321756321839081
v 0.004842094252873563 0.04542486436781609 -0.004563631034482759
v 0.0009147298850574714 0.044115740229885056 -0.0028070666666666667
v 0.004842094252873563 0.04556040689655173 -0.004321756321839081
v 0.0061512160919540235 0.045875801149425285 -0.003012635632183908
v 0.0061512160919540235 0.04654835057471265 -0.0017035137931034484
v 0.004842094252873563 0.04556040689655173 -0.004321756321839081
v 0.004842094252873563 0.04542486436781609 -0.004563631034482759
v 0.0061512160919540235 0.045875801149425285 -0.003012635632183908
v -0.030504187356321842 -0.04489154942528736 0.025788039080459773
v -0.030504187356321842 -0.04405540229885058 0.023169796551724138
v -0.027885945977011495 -0.0451866091954023 0.023169796551724138
v -0.030504187356321842 -0.04489154942528736 0.025788039080459773
v -0.03312243103448276 -0.04286105977011495 0.02447891724137931
v -0.030504187356321842 -0.04405540229885058 0.023169796551724138
v -0.00039439195402298855 -0.055377496551724144 0.04005260114942529
v -0.0017035137931034484 -0.05434112298850575 0.03757013333333334
v 0.034951889655172416 -0.042949724137931036 0.012696824137931035
v -0.00039439195402298855 -0.055377496551724144 0.04005260114942529
v -0.00039439195402298855 -0.05542793448275862 0.040188377011494254
v 0.034951889655172416 -0.042949724137931036 0.012696824137931035
v -0.00039439195402298855 -0.055377496551724144 0.04005260114942529
v -0.00039439195402298855 -0.05542793448275862 0.040188377011494254
v -0.0017035137931034484 -0.05434112298850575 0.03757013333333334
v -0.0017035137931034484 -0.014794728735632185 -0.023568395402298853
v 0.003532972413793104 -0.017412972413793106 -0.02191446666666667
v -0.0017035137931034484 -0.013913825287356322 -0.023958580459770118
v -0.0017035137931034484 -0.014794728735632185 -0.023568395402298853
v -0.003012635632183908 -0.016103850574712645 -0.023023741379310347
v -0.0017035137931034484 -0.013913825287356322 -0.023958580459770118
v -0.0017035137931034484 -0.014794728735632185 -0.023568395402298853
v -0.0017035137931034484 -0.018722094252873564 -0.021679712643678163
v 0.003532972413793104 -0.017412972413793106 -0.02191446666666667
v -0.0017035137931034484 -0.014794728735632185 -0.023568395402298853
v -0.0017035137931034484 -0.018722094252873564 -0.021679712643678163
v -0.003012635632183908 -0.016103850574712645 -0.023023741379310347
v -0.03181331034482759 -0.02919506896551724 0.012601050574712645
v -0.03574067471264368 -0.030504187356321842 0.01745066896551724
v -0.003012635632183908 -0.014794728735632185 -0.023213989655172414
v -0.03181331034482759 -0.02919506896551724 0.012601050574712645
v -0.003012635632183908 -0.016103850574712645 -0.023023741379310347
v -0.003012635632183908 -0.014794728735632185 -0.023213989655172414
v 0.004842094252873563 -0.010867364367816093 -0.021412189655172418
v 0.011387702298850576 -0.0056308781609195405 -0.016115686206896553
v 0.04986565057471265 -0.030504187356321842 0.003532972413793104
v 0.004842094252873563 -0.010867364367816093 -0.021412189655172418
v 0.0024842034482758625 -0.014794728735632185 -0.022649458620689657
v 0.04986565057471265 -0.030504187356321842 0.003532972413793104
v 0.004842094252873563 -0.010867364367816093 -0.021412189655172418
v -0.00039439195402298855 -0.008249121839080461 -0.022797747126436785
v 0.0061512160919540235 0.04280662068965518 -0.0073611551724137945
v 0.004842094252873563 -0.010867364367816093 -0.021412189655172418
v 0.011387702298850576 -0.0056308781609195405 -0.016115686206896553
v 0.0061512160919540235 0.04280662068965518 -0.0073611551724137945
v 0.004842094252873563 -0.010867364367816093 -0.021412189655172418
v -0.001074541379310345 -0.013485606896551726 -0.023958580459770118
v -0.00039439195402298855 -0.008249121839080461 -0.022797747126436785
v 0.004842094252873563 -0.010867364367816093 -0.021412189655172418
v 0.0024842034482758625 -0.014794728735632185 -0.022649458620689657
v -0.001074541379310345 -0.013485606896551726 -0.023958580459770118
v 0.0022238505747126437 -0.014794728735632185 -0.022731178160919543
v -0.001074541379310345 -0.013485606896551726 -0.023958580459770118
v 0.003532972413793104 -0.017412972413793106 -0.02191446666666667
v 0.0022238505747126437 -0.014794728735632185 -0.022731178160919543
v 0.0024842034482758625 -0.014794728735632185 -0.022649458620689657
v 0.003532972413793104 -0.017412972413793106 -0.02191446666666667
v 0.0022238505747126437 -0.014794728735632185 -0.022731178160919543
v 0.0024842034482758625 -0.014794728735632185 -0.022649458620689657
v -0.001074541379310345 -0.013485606896551726 -0.023958580459770118
v -0.03312243103448276 -0.03734415287356322 0.016624187356321842
v -0.03312243103448276 -0.03966803908045977 0.019008118390804598
v -0.037016898850574714 -0.03835891954022989 0.023169796551724138
v -0.03312243103448276 -0.03734415287356322 0.016624187356321842
v -0.033306137931034485 -0.03704979540229885 0.016624187356321842
v -0.037016898850574714 -0.03835891954022989 0.023169796551724138
v -0.03312243103448276 -0.03734415287356322 0.016624187356321842
v -0.03312243103448276 -0.03966803908045977 0.019008118390804598
v -0.03181331034482759 -0.037735282758620696 0.01531506551724138
v -0.030190689655172413 -0.03312243103448276 0.011387702298850576
v -0.003012635632183908 -0.016103850574712645 -0.023023741379310347
v -0.028660908045977016 -0.034431551724137935 0.010078580459770116
v -0.030504187356321842 -0.025267702298850576 0.011422579310344828
v -0.004321756321839081 -0.013485606896551726 -0.021591960919540232
v -0.03574067471264368 -0.030504187356321842 0.01745066896551724
v -0.030504187356321842 -0.025267702298850576 0.011422579310344828
v -0.032892525287356325 -0.023958580459770118 0.01531506551724138
v -0.03574067471264368 -0.030504187356321842 0.01745066896551724
v -0.030504187356321842 -0.025267702298850576 0.011422579310344828
v -0.032892525287356325 -0.023958580459770118 0.01531506551724138
v -0.004321756321839081 -0.013485606896551726 -0.021591960919540232
v -0.03024938850574713 0.016624187356321842 0.029715402298850575
v -0.004731386206896553 -0.010867364367816093 -0.020031214942528734
v 0.0009147298850574714 0.044115740229885056 -0.0028070666666666667
v -0.03024938850574713 0.016624187356321842 0.029715402298850575
v -0.03704979540229885 0.02186067471264368 0.04507946551724138
v 0.0009147298850574714 0.044115740229885056 -0.0028070666666666667
v -0.03574067471264368 -0.0056308781609195405 0.02891769655172414
v -0.038244933333333335 0.02186067471264368 0.048043103448275865
v -0.03574067471264368 -0.030504187356321842 0.01745066896551724
v -0.03704979540229885 0.0221201275862069 0.04542486436781609
v -0.038244933333333335 0.02186067471264368 0.048043103448275865
v -0.037254197701149426 0.023169796551724138 0.048043103448275865
v -0.03704979540229885 0.0221201275862069 0.04542486436781609
v -0.03704979540229885 0.02186067471264368 0.04507946551724138
v 0.0009147298850574714 0.044115740229885056 -0.0028070666666666667
v -0.03704979540229885 0.0221201275862069 0.04542486436781609
v -0.037254197701149426 0.023169796551724138 0.048043103448275865
v 0.0009147298850574714 0.044115740229885056 -0.0028070666666666667
v 0.035753411494252874 -0.0462136459770115 0.029715402298850575
v 0.034951889655172416 -0.046744873563218395 0.029715402298850575
v 0.04149749655172414 -0.04299634137931035 0.02447891724137931
v 0.035753411494252874 -0.0462136459770115 0.029715402298850575
v 0.03626101149425288 -0.03958024137931035 0.06113432183908047
v 0.04149749655172414 -0.04299634137931035 0.02447891724137931
v 0.035753411494252874 -0.0462136459770115 0.029715402298850575
v 0.03626101149425288 -0.03958024137931035 0.06113432183908047
v 0.034951889655172416 -0.046744873563218395 0.029715402298850575
v 0.034951889655172416 -0.03780691149425287 0.06244344252873563
v 0.03626101149425288 -0.03958024137931035 0.06113432183908047
v 0.03757013333333334 -0.03835891954022989 0.06164383908045978
v 0.034951889655172416 -0.03780691149425287 0.06244344252873563
v 0.025788039080459773 -0.010867364367816093 0.07743898850574713
v 0.03757013333333334 -0.03835891954022989 0.06164383908045978
v 0.034951889655172416 -0.03780691149425287 0.06244344252873563
v 0.023169796551724138 -0.010867364367816093 0.07790472413793104
v 0.025788039080459773 -0.010867364367816093 0.07743898850574713
v 0.034951889655172416 -0.03780691149425287 0.06244344252873563
v 0.03626101149425288 -0.03958024137931035 0.06113432183908047
v -0.003012635632183908 -0.05008366206896552 0.05066134827586207
v 0.034951889655172416 -0.03780691149425287 0.06244344252873563
v 0.023169796551724138 -0.010867364367816093 0.07790472413793104
v -0.003012635632183908 -0.05008366206896552 0.05066134827586207
v -0.03181331034482759 -0.04359540229885058 0.036099737931034485
v -0.03574067471264368 -0.036302373563218394 0.04542486436781609
v -0.03745273218390805 -0.03574067471264368 0.04280662068965518
v -0.03181331034482759 -0.04359540229885058 0.036099737931034485
v -0.03574067471264368 -0.036302373563218394 0.04542486436781609
v -0.022649458620689657 -0.04835191494252874 0.03757013333333334
v 0.054588712643678164 0.019297852873563223 0.03102452643678161
v 0.0562936091954023 0.0179333091954023 0.03364277011494253
v 0.046733983908045985 0.03957586436781609 0.046733983908045985
v 0.054588712643678164 0.019297852873563223 0.03102452643678161
v 0.046733983908045985 0.03957586436781609 0.046733983908045985
v 0.04098584252873564 0.04149749655172414 0.03364277011494253
v 0.054588712643678164 0.019297852873563223 0.03102452643678161
v 0.054588712643678164 0.01924243103448276 0.03093957931034483
v 0.04098584252873564 0.04149749655172414 0.03364277011494253
v 0.004842094252873563 0.046733983908045985 -0.002013225287356322
v 0.0061512160919540235 0.04654835057471265 -0.0017035137931034484
v 0.004842094252873563 0.046795620689655176 -0.0017035137931034484
v 0.004842094252873563 0.046733983908045985 -0.002013225287356322
v 0.004842094252873563 0.04556040689655173 -0.004321756321839081
v 0.0061512160919540235 0.04654835057471265 -0.0017035137931034484
v 0.004842094252873563 0.046733983908045985 -0.002013225287356322
v 0.004842094252873563 0.04556040689655173 -0.004321756321839081
v 0.0009147298850574714 0.044115740229885056 -0.0028070666666666667
v 0.004842094252873563 0.046733983908045985 -0.002013225287356322
v 0.0009147298850574714 0.04452757816091954 -0.0017035137931034484
v 0.0009147298850574714 0.044115740229885056 -0.0028070666666666667
v 0.004842094252873563 0.046733983908045985 -0.002013225287356322
v -0.00010347701149425288 0.04542486436781609 0.003532972413793104
v 0.004842094252873563 0.046795620689655176 -0.0017035137931034484
v 0.004842094252873563 0.046733983908045985 -0.002013225287356322
v 0.0009147298850574714 0.04452757816091954 -0.0017035137931034484
v -0.00010347701149425288 0.04542486436781609 0.003532972413793104
v -0.026576824137931037 -0.046531816091954024 0.028406282758620692
v -0.030504187356321842 -0.04489154942528736 0.025788039080459773
v -0.027885945977011495 -0.0451866091954023 0.023169796551724138
v -0.026576824137931037 -0.046531816091954024 0.028406282758620692
v -0.030504187356321842 -0.04489154942528736 0.025788039080459773
v -0.026576824137931037 -0.046674160919540235 0.029715402298850575
v -0.026576824137931037 -0.046531816091954024 0.028406282758620692
v -0.006940000000000001 -0.05340552873563219 0.03757013333333334
v -0.027885945977011495 -0.0451866091954023 0.023169796551724138
v -0.026576824137931037 -0.046531816091954024 0.028406282758620692
v -0.026576824137931037 -0.046674160919540235 0.029715402298850575
v -0.006940000000000001 -0.05340552873563219 0.03757013333333334
v -0.030582689655172416 -0.04490452643678161 0.029715402298850575
v -0.026576824137931037 -0.046674160919540235 0.029715402298850575
v -0.022649458620689657 -0.04835191494252874 0.03757013333333334
v -0.030582689655172416 -0.04490452643678161 0.029715402298850575
v -0.030504187356321842 -0.04489154942528736 0.025788039080459773
v -0.026576824137931037 -0.046674160919540235 0.029715402298850575
v -0.003012635632183908 -0.008249121839080461 -0.021139032183908047
v -0.004321756321839081 -0.013485606896551726 -0.021591960919540232
v -0.0017035137931034484 -0.006940000000000001 -0.022086785057471265
v -0.003012635632183908 -0.008249121839080461 -0.021139032183908047
v -0.004321756321839081 -0.013485606896551726 -0.021591960919540232
v -0.004731386206896553 -0.010867364367816093 -0.020031214942528734
v -0.003012635632183908 -0.008249121839080461 -0.021139032183908047
v -0.004731386206896553 -0.010867364367816093 -0.020031214942528734
v 0.0009147298850574714 0.044115740229885056 -0.0028070666666666667
v -0.029298639080459772 -0.03181331034482759 0.010078580459770116
v -0.03181331034482759 -0.02919506896551724 0.012601050574712645
v -0.003012635632183908 -0.016103850574712645 -0.023023741379310347
v -0.029298639080459772 -0.03181331034482759 0.010078580459770116
v -0.030190689655172413 -0.03312243103448276 0.011387702298850576
v -0.003012635632183908 -0.016103850574712645 -0.023023741379310347
v -0.029298639080459772 -0.03181331034482759 0.010078580459770116
v -0.03181331034482759 -0.02919506896551724 0.012601050574712645
v -0.03574067471264368 -0.030504187356321842 0.01745066896551724
v -0.029298639080459772 -0.03181331034482759 0.010078580459770116
v -0.030190689655172413 -0.03312243103448276 0.011387702298850576
v -0.03574067471264368 -0.030504187356321842 0.01745066896551724
v -0.03312243103448276 -0.03704979540229885 0.016374254022988505
v -0.03312243103448276 -0.03734415287356322 0.016624187356321842
v -0.03181331034482759 -0.037735282758620696 0.01531506551724138
v -0.03312243103448276 -0.03704979540229885 0.016374254022988505
v -0.03312243103448276 -0.03734415287356322 0.016624187356321842
v -0.033306137931034485 -0.03704979540229885 0.016624187356321842
v -0.03312243103448276 -0.03704979540229885 0.016374254022988505
v -0.03181331034482759 -0.03704979540229885 0.01488294367816092
v -0.03181331034482759 -0.037735282758620696 0.01531506551724138
v -0.03312243103448276 -0.03704979540229885 0.016374254022988505
v -0.03181331034482759 -0.03704979540229885 0.01488294367816092
v -0.028660908045977016 -0.034431551724137935 0.010078580459770116
v -0.03312243103448276 -0.03704979540229885 0.016374254022988505
v -0.030190689655172413 -0.03312243103448276 0.011387702298850576
v -0.028660908045977016 -0.034431551724137935 0.010078580459770116
v -0.03312243103448276 -0.03704979540229885 0.016374254022988505
v -0.033306137931034485 -0.03704979540229885 0.016624187356321842
v -0.03574067471264368 -0.030504187356321842 0.01745066896551724
v -0.03312243103448276 -0.03704979540229885 0.016374254022988505
v -0.030190689655172413 -0.03312243103448276 0.011387702298850576
v -0.03574067471264368 -0.030504187356321842 0.01745066896551724
v -0.00193536091954023 -0.013485606896551726 -0.023958580459770118
v -0.004321756321839081 -0.013485606896551726 -0.021591960919540232
v -0.0017035137931034484 -0.006940000000000001 -0.022086785057471265
v -0.00193536091954023 -0.013485606896551726 -0.023958580459770118
v -0.0017035137931034484 -0.006940000000000001 -0.022086785057471265
v -0.0017035137931034484 -0.013485606896551726 -0.024082948275862073
v -0.00193536091954023 -0.013485606896551726 -0.023958580459770118
v -0.004321756321839081 -0.013485606896551726 -0.021591960919540232
v -0.003012635632183908 -0.014794728735632185 -0.023213989655172414
v -0.00193536091954023 -0.013485606896551726 -0.023958580459770118
v -0.003012635632183908 -0.014794728735632185 -0.023213989655172414
v -0.0017035137931034484 -0.013485606896551726 -0.024082948275862073
v -0.022663141379310348 0.003532972413793104 0.012696824137931035
v -0.032892525287356325 -0.023958580459770118 0.01531506551724138
v -0.004731386206896553 -0.010867364367816093 -0.020031214942528734
v -0.022663141379310348 0.003532972413793104 0.012696824137931035
v -0.03024938850574713 0.016624187356321842 0.029715402298850575
v -0.004731386206896553 -0.010867364367816093 -0.020031214942528734
v -0.022663141379310348 0.003532972413793104 0.012696824137931035
v -0.03024938850574713 0.016624187356321842 0.029715402298850575
v -0.032892525287356325 -0.023958580459770118 0.01531506551724138
v -0.03721065862068966 0.02186067471264368 0.04542486436781609
v -0.03574067471264368 -0.0056308781609195405 0.02891769655172414
v -0.03704979540229885 0.02186067471264368 0.04507946551724138
v -0.03721065862068966 0.02186067471264368 0.04542486436781609
v -0.03574067471264368 -0.0056308781609195405 0.02891769655172414
v -0.038244933333333335 0.02186067471264368 0.048043103448275865
v -0.03721065862068966 0.02186067471264368 0.04542486436781609
v -0.03704979540229885 0.0221201275862069 0.04542486436781609
v -0.03704979540229885 0.02186067471264368 0.04507946551724138
v -0.03721065862068966 0.02186067471264368 0.04542486436781609
v -0.03704979540229885 0.0221201275862069 0.04542486436781609
v -0.038244933333333335 0.02186067471264368 0.048043103448275865
v -0.034431551724137935 0.004842094252873563 0.03138881954022989
v -0.03024938850574713 0.016624187356321842 0.029715402298850575
v -0.032892525287356325 -0.023958580459770118 0.01531506551724138
v -0.03333336321839081 -0.04228628275862069 0.034951889655172416
v -0.03704979540229885 -0.03889031494252874 0.02709716091954023
v -0.03745273218390805 -0.03574067471264368 0.04280662068965518
v -0.03333336321839081 -0.04228628275862069 0.034951889655172416
v -0.03345792298850575 -0.04228628275862069 0.03364277011494253
v -0.03704979540229885 -0.03889031494252874 0.02709716091954023
v 0.05462263218390805 0.01924243103448276 0.03102452643678161
v 0.054588712643678164 0.01924243103448276 0.03093957931034483
v 0.0562936091954023 0.0179333091954023 0.03364277011494253
v 0.05462263218390805 0.01924243103448276 0.03102452643678161
v 0.054588712643678164 0.019297852873563223 0.03102452643678161
v 0.0562936091954023 0.0179333091954023 0.03364277011494253
v 0.05462263218390805 0.01924243103448276 0.03102452643678161
v 0.054588712643678164 0.019297852873563223 0.03102452643678161
v 0.054588712643678164 0.01924243103448276 0.03093957931034483
v -0.03231989195402299 -0.04359540229885058 0.025788039080459773
v -0.030504187356321842 -0.04489154942528736 0.025788039080459773
v -0.03312243103448276 -0.04286105977011495 0.02447891724137931
v -0.03231989195402299 -0.04359540229885058 0.025788039080459773
v -0.030582689655172416 -0.04490452643678161 0.029715402298850575
v -0.030504187356321842 -0.04489154942528736 0.025788039080459773
v -0.03231989195402299 -0.04359540229885058 0.025788039080459773
v -0.03312243103448276 -0.04286105977011495 0.02447891724137931
v -0.0338252183908046 -0.04228628275862069 0.02447891724137931
v -0.0023906747126436786 -0.006940000000000001 -0.0213403367816092
v -0.0017035137931034484 -0.006940000000000001 -0.022086785057471265
v 0.0009147298850574714 0.044115740229885056 -0.0028070666666666667
v -0.0023906747126436786 -0.006940000000000001 -0.0213403367816092
v -0.003012635632183908 -0.008249121839080461 -0.021139032183908047
v 0.0009147298850574714 0.044115740229885056 -0.0028070666666666667
v -0.0023906747126436786 -0.006940000000000001 -0.0213403367816092
v -0.003012635632183908 -0.008249121839080461 -0.021139032183908047
v -0.0017035137931034484 -0.006940000000000001 -0.022086785057471265
v -0.035493367816091956 -0.0056308781609195405 0.028406282758620692
v -0.034431551724137935 0.004842094252873563 0.03138881954022989
v -0.032892525287356325 -0.023958580459770118 0.01531506551724138
v -0.035493367816091956 -0.0056308781609195405 0.028406282758620692
v -0.032892525287356325 -0.023958580459770118 0.01531506551724138
v -0.03574067471264368 -0.030504187356321842 0.01745066896551724
v -0.035493367816091956 -0.0056308781609195405 0.028406282758620692
v -0.03574067471264368 -0.0056308781609195405 0.02891769655172414
v -0.03574067471264368 -0.030504187356321842 0.01745066896551724
v -0.035493367816091956 -0.0056308781609195405 0.028406282758620692
v -0.03574067471264368 -0.0056308781609195405 0.02891769655172414
v -0.03704979540229885 0.02186067471264368 0.04507946551724138
v -0.035493367816091956 -0.0056308781609195405 0.028406282758620692
v -0.034431551724137935 0.004842094252873563 0.03138881954022989
v -0.03704979540229885 0.02186067471264368 0.04507946551724138
v -0.03207877011494253 0.012696824137931035 0.03102452643678161
v -0.03024938850574713 0.016624187356321842 0.029715402298850575
v -0.03704979540229885 0.02186067471264368 0.04507946551724138
v -0.03207877011494253 0.012696824137931035 0.03102452643678161
v -0.034431551724137935 0.004842094252873563 0.03138881954022989
v -0.03704979540229885 0.02186067471264368 0.04507946551724138
v -0.03207877011494253 0.012696824137931035 0.03102452643678161
v -0.034431551724137935 0.004842094252873563 0.03138881954022989
v -0.03024938850574713 0.016624187356321842 0.029715402298850575
v -0.03181331034482759 -0.04396358390804598 0.034951889655172416
v -0.03231989195402299 -0.04359540229885058 0.025788039080459773
v -0.0338252183908046 -0.04228628275862069 0.02447891724137931
v -0.03181331034482759 -0.04396358390804598 0.034951889655172416
v -0.0338252183908046 -0.04228628275862069 0.02447891724137931
v -0.03704979540229885 -0.03889031494252874 0.02709716091954023
v -0.03181331034482759 -0.04396358390804598 0.034951889655172416
v -0.03345792298850575 -0.04228628275862069 0.03364277011494253
v -0.03704979540229885 -0.03889031494252874 0.02709716091954023
v -0.03181331034482759 -0.04396358390804598 0.034951889655172416
v -0.03333336321839081 -0.04228628275862069 0.034951889655172416
v -0.03345792298850575 -0.04228628275862069 0.03364277011494253
v -0.03181331034482759 -0.04396358390804598 0.034951889655172416
v -0.03231989195402299 -0.04359540229885058 0.025788039080459773
v -0.030582689655172416 -0.04490452643678161 0.029715402298850575
v -0.03181331034482759 -0.04396358390804598 0.034951889655172416
v -0.03181331034482759 -0.04359540229885058 0.036099737931034485
v -0.022649458620689657 -0.04835191494252874 0.03757013333333334
v -0.03181331034482759 -0.04396358390804598 0.034951889655172416
v -0.030582689655172416 -0.04490452643678161 0.029715402298850575
v -0.022649458620689657 -0.04835191494252874 0.03757013333333334
v -0.03181331034482759 -0.04396358390804598 0.034951889655172416
v -0.03181331034482759 -0.04359540229885058 0.036099737931034485
v -0.03745273218390805 -0.03574067471264368 0.04280662068965518
v -0.03181331034482759 -0.04396358390804598 0.034951889655172416
v -0.03333336321839081 -0.04228628275862069 0.034951889655172416
v -0.03745273218390805 -0.03574067471264368 0.04280662068965518
f 1 2 3
f 4 5 6
f 7 8 9
f 10 11 12
f 13 14 15
f 16 17 18
f 19 20 21
f 22 23 24
f 25 26 27
f 28 29 30
f 31 32 33
f 34 35 36
f 37 38 39
f 40 41 42
f 43 44 45
f 46 47 48
f 49 50 51
f 52 53 54
f 55 56 57
f 58 59 60
f 61 62 63
f 64 65 66
f 67 68 69
f 70 71 72
f 73 74 75
f 76 77 78
f 79 80 81
f 82 83 84
f 85 86 87
f 88 89 90
f 91 92 93
f 94 95 96
f 97 98 99
f 100 101 102
f 103 104 105
f 106 107 108
f 109 110 111
f 112 113 114
f 115 116 117
f 118 119 120
f 121 122 123
f 124 125 126
f 127 128 129
f 130 131 132
f 133 134 135
f 136 137 138
f 139 140 141
f 142 143 144
f 145 146 147
f 148 149 150
f 151 152 153
f 154 155 156
f 157 158 159
f 160 161 162
f 163 164 165
f 166 167 168
f 169 170 171
f 172 173 174
f 175 176 177
f 178 179 180
f 181 182 183
f 184 185 186
f 187 188 189
f 190 191 192
f 193 194 195
f 196 197 198
f 199 200 201
f 202 203 204
f 205 206 207
f 208 209 210
f 211 212 213
f 214 215 216
f 217 218 219
f 220 221 222
f 223 224 225
f 226 227 228
f 229 230 231
f 232 233 234
f 235 236 237
f 238 239 240
f 241 242 243
f 244 245 246
f 247 248 249
f 250 251 252
f 253 254 255
f 256 257 258
f 259 260 261
f 262 263 264
f 265 266 267
f 268 269 270
f 271 272 273
f 274 275 276
f 277 278 279
f 280 281 282
f 283 284 285
f 286 287 288
f 289 290 291
f 292 293 294
f 295 296 297
f 298 299 300
f 301 302 303
f 304 305 306
f 307 308 309
f 310 311 312
f 313 314 315
f 316 317 318
f 319 320 321
f 322 323 324
f 325 326 327
f 328 329 330
f 331 332 333
f 334 335 336
f 337 338 339
f 340 341 342
f 343 344 345
f 346 347 348
f 349 350 351
f 352 353 354
f 355 356 357
f 358 359 360
f 361 362 363
f 364 365 366
f 367 368 369
f 370 371 372
f 373 374 375
f 376 377 378
f 379 380 381
f 382 383 384
f 385 386 387
f 388 389 390
f 391 392 393
f 394 395 396
f 397 398 399
f 400 401 402
f 403 404 405
f 406 407 408
f 409 410 411
f 412 413 414
f 415 416 417
f 418 419 420
f 421 422 423
f 424 425 426
f 427 428 429
f 430 431 432
f 433 434 435
f 436 437 438
f 439 440 441
f 442 443 444
f 445 446 447
f 448 449 450
f 451 452 453
f 454 455 456
f 457 458 459
f 460 461 462
f 463 464 465
f 466 467 468
f 469 470 471
f 472 473 474
f 475 476 477
f 478 479 480
f 481 482 483
f 484 485 486
f 487 488 489
f 490 491 492
f 493 494 495
f 496 497 498
f 499 500 501
f 502 503 504
f 505 506 507
f 508 509 510
f 511 512 513
f 514 515 516
f 517 518 519
f 520 521 522
f 523 524 525
f 526 527 528
f 529 530 531
f 532 533 534
f 535 536 537
f 538 539 540
f 541 542 543
f 544 545 546
f 547 548 549
f 550 551 552
f 553 554 555
f 556 557 558
f 559 560 561
f 562 563 564
f 565 566 567
f 568 569 570
f 571 572 573
f 574 575 576
f 577 578 579
f 580 581 582
f 583 584 585
f 586 587 588
f 589 590 591
f 592 593 594
f 595 596 597
f 598 599 600
f 601 602 603
f 604 605 606
f 607 608 609
f 610 611 612
f 613 614 615
f 616 617 618
f 619 620 621
f 622 623 624
f 625 626 627
f 628 629 630
f 631 632 633
f 634 635 636
f 637 638 639
f 640 641 642
f 643 644 645
f 646 647 648
f 649 650 651
f 652 653 654
f 655 656 657
f 658 659 660
f 661 662 663
f 664 665 666
f 667 668 669
f 670 671 672
f 673 674 675
f 676 677 678
f 679 680 681
f 682 683 684
f 685 686 687
f 688 689 690
f 691 692 693
f 694 695 696
f 697 698 699
f 700 701 702
f 703 704 705
f 706 707 708
f 709 710 711
f 712 713 714
f 715 716 717
f 718 719 720
f 721 722 723
f 724 725 726
f 727 728 729
f 730 731 732
f 733 734 735
f 736 737 738
f 739 740 741
f 742 743 744
f 745 746 747
f 748 749 750
f 751 752 753
f 754 755 756
f 757 758 759
f 760 761 762
f 763 764 765
f 766 767 768
f 769 770 771
f 772 773 774
f 775 776 777
f 778 779 780
f 781 782 783
f 784 785 786
f 787 788 789
f 790 791 792
f 793 794 795
f 796 797 798
f 799 800 801
f 802 803 804
f 805 806 807
f 808 809 810
f 811 812 813
f 814 815 816
f 817 818 819
f 820 821 822
f 823 824 825
f 826 827 828
f 829 830 831
f 832 833 834
f 835 836 837
f 838 839 840
f 841 842 843
f 844 845 846
f 847 848 849
f 850 851 852
f 853 854 855
f 856 857 858
f 859 860 861
f 862 863 864
f 865 866 867
f 868 869 870
f 871 872 873
f 874 875 876
f 877 878 879
f 880 881 882
f 883 884 885
f 886 887 888
f 889 890 891
f 892 893 894
f 895 896 897
f 898 899 900
f 901 902 903
f 904 905 906
f 907 908 909
f 910 911 912
f 913 914 915
f 916 917 918
f 919 920 921
f 922 923 924
f 925 926 927
f 928 929 930
f 931 932 933
f 934 935 936
f 937 938 939
f 940 941 942
f 943 944 945
f 946 947 948
f 949 950 951
f 952 953 954
f 955 956 957
f 958 959 960
f 961 962 963
f 964 965 966
f 967 968 969
f 970 971 972
f 973 974 975
f 976 977 978
f 979 980 981
f 982 983 984
f 985 986 987
f 988 989 990
f 991 992 993
f 994 995 996
f 997 998 999
f 1000 1001 1002
f 1003 1004 1005
f 1006 1007 1008
f 1009 1010 1011
f 1012 1013 1014
f 1015 1016 1017
f 1018 1019 1020
f 1021 1022 1023
f 1024 1025 1026
f 1027 1028 1029
f 1030 1031 1032
f 1033 1034 1035
f 1036 1037 1038
f 1039 1040 1041
f 1042 1043 1044
f 1045 1046 1047
f 1048 1049 1050
f 1051 1052 1053
f 1054 1055 1056
f 1057 1058 1059
f 1060 1061 1062
f 1063 1064 1065
f 1066 1067 1068
f 1069 1070 1071
f 1072 1073 1074
f 1075 1076 1077
f 1078 1079 1080
f 1081 1082 1083
f 1084 1085 1086
f 1087 1088 1089
f 1090 1091 1092
f 1093 1094 1095
f 1096 1097 1098
f 1099 1100 1101
f 1102 1103 1104
f 1105 1106 1107
f 1108 1109 1110
f 1111 1112 1113
f 1114 1115 1116
f 1117 1118 1119
f 1120 1121 1122
f 1123 1124 1125
f 1126 1127 1128
f 1129 1130 1131
f 1132 1133 1134
f 1135 1136 1137
f 1138 1139 1140
f 1141 1142 1143
f 1144 1145 1146
f 1147 1148 1149
f 1150 1151 1152
f 1153 1154 1155
f 1156 1157 1158
f 1159 1160 1161
f 1162 1163 1164
f 1165 1166 1167
f 1168 1169 1170
f 1171 1172 1173
f 1174 1175 1176
f 1177 1178 1179
f 1180 1181 1182
f 1183 1184 1185
f 1186 1187 1188
f 1189 1190 1191
f 1192 1193 1194
f 1195 1196 1197
f 1198 1199 1200
f 1201 1202 1203
f 1204 1205 1206
f 1207 1208 1209
f 1210 1211 1212
f 1213 1214 1215
f 1216 1217 1218
f 1219 1220 1221
f 1222 1223 1224
f 1225 1226 1227
f 1228 1229 1230
f 1231 1232 1233
f 1234 1235 1236
f 1237 1238 1239
f 1240 1241 1242
f 1243 1244 1245
f 1246 1247 1248
f 1249 1250 1251
f 1252 1253 1254
f 1255 1256 1257
f 1258 1259 1260
f 1261 1262 1263
f 1264 1265 1266
f 1267 1268 1269
f 1270 1271 1272
f 1273 1274 1275
f 1276 1277 1278
f 1279 1280 1281
f 1282 1283 1284
f 1285 1286 1287
f 1288 1289 1290
f 1291 1292 1293
f 1294 1295 1296
f 1297 1298 1299
f 1300 1301 1302
f 1303 1304 1305
f 1306 1307 1308
f 1309 1310 1311
f 1312 1313 1314
f 1315 1316 1317
f 1318 1319 1320
f 1321 1322 1323
f 1324 1325 1326
f 1327 1328 1329
f 1330 1331 1332
f 1333 1334 1335
f 1336 1337 1338
f 1339 1340 1341
f 1342 1343 1344
f 1345 1346 1347
f 1348 1349 1350
f 1351 1352 1353
f 1354 1355 1356
f 1357 1358 1359
f 1360 1361 1362
f 1363 1364 1365
f 1366 1367 1368
f 1369 1370 1371
f 1372 1373 1374
f 1375 1376 1377
f 1378 1379 1380
f 1381 1382 1383
f 1384 1385 1386
f 1387 1388 1389
f 1390 1391 1392
f 1393 1394 1395
f 1396 1397 1398
f 1399 1400 1401
f 1402 1403 1404
f 1405 1406 1407
f 1408 1409 1410
f 1411 1412 1413
f 1414 1415 1416
f 1417 1418 1419
f 1420 1421 1422
f 1423 1424 1425
f 1426 1427 1428
f 1429 1430 1431
f 1432 1433 1434
f 1435 1436 1437
f 1438 1439 1440
f 1441 1442 1443
f 1444 1445 1446
f 1447 1448 1449
f 1450 1451 1452
f 1453 1454 1455
f 1456 1457 1458
f 1459 1460 1461
f 1462 1463 1464
f 1465 1466 1467
f 1468 1469 1470
